"data","preco","taxa"
2008-01-02,52.154999,-0.00657144761904768
2008-01-03,51.400002,-0.0144760236693705
2008-01-04,48.349998,-0.0593385969128951
2008-01-07,46.689999,-0.0343329693622738
2008-01-08,49.5,0.0601842163243567
2008-01-09,50.34,0.016969696969697
2008-01-10,49.299999,-0.0206595351609059
2008-01-11,48.5,-0.016227160572559
2008-01-14,48.25,-0.00515463917525773
2008-01-15,45.900002,-0.048704621761658
2008-01-16,43.900002,-0.0435729828508504
2008-01-17,41.555,-0.0534168996165422
2008-01-18,42.200001,0.0155216219468175
2008-01-21,39,-0.075829405786033
2008-01-22,43.130001,0.105897461538462
2008-01-23,42.299999,-0.0192441915315513
2008-01-24,45.599998,0.0780141626008076
2008-01-28,48.560001,0.0649123493382609
2008-01-29,48.5,-0.00123560541112838
2008-01-30,49.724998,0.0252576907216495
2008-01-31,48.200001,-0.0306686186292054
2008-02-01,49.049999,0.0176348129121408
2008-02-06,47.119999,-0.0393476052874129
2008-02-07,48.68,0.0331069828757849
2008-02-08,48.82,0.00287592440427281
2008-02-11,49.759998,0.0192543629659976
2008-02-12,49.810001,0.00100488348090361
2008-02-13,50.799999,0.0198754864510041
2008-02-14,50.465,-0.00659446863374931
2008-02-15,49.939999,-0.0104032695927871
2008-02-18,50.93,0.0198238089672369
2008-02-19,50.950001,0.000392715491851573
2008-02-20,51.525002,0.0112855934978294
2008-02-21,50.73,-0.0154294414195268
2008-02-22,50.580002,-0.00295679085353827
2008-02-25,50.994999,0.00820476440471473
2008-02-26,51.105,0.00215709387502874
2008-02-27,51.945,0.0164367478720282
2008-02-28,52.025002,0.00154012898257773
2008-02-29,48.849998,-0.0610284262939577
2008-03-03,49.099998,0.00511770747667175
2008-03-04,47.150002,-0.0397147877684231
2008-03-05,48.5,0.0286319818183677
2008-03-06,47.689999,-0.0167010515463917
2008-03-07,47.040001,-0.0136296501075625
2008-03-10,46.290001,-0.0159438772120774
2008-03-11,48.099998,0.0391012521257021
2008-03-12,47.950001,-0.00311844087810563
2008-03-13,47.259998,-0.014390051837538
2008-03-14,46.994999,-0.00560725796052727
2008-03-17,44.5,-0.0530907341864184
2008-03-18,45.005001,0.0113483370786517
2008-03-19,41.900002,-0.068992310432345
2008-03-20,41.625,-0.00656329324280225
2008-03-24,42.34,0.0171771771771773
2008-03-25,44.785,0.0577468115257438
2008-03-26,45.25,0.0103829407167579
2008-03-27,44.174999,-0.0237569281767956
2008-03-28,44.07,-0.00237688743354583
2008-03-31,44.834999,0.01735872475607
2008-04-01,45.654999,0.0182892833342094
2008-04-02,46.75,0.0239842519764375
2008-04-03,47.43,0.0145454545454545
2008-04-04,47.439999,0.000210815939278949
2008-04-07,47.275002,-0.0034780144072094
2008-04-08,48.34,0.0225277198296047
2008-04-09,48.299999,-0.00082749275961944
2008-04-10,48.514999,0.00445134584785402
2008-04-11,47.555,-0.0197876743231511
2008-04-14,51.205002,0.0767532751550836
2008-04-15,51.555,0.00683523066750392
2008-04-16,50.825001,-0.0141596159441373
2008-04-17,51.799999,0.0191834329722886
2008-04-18,52.200001,0.0077220464811206
2008-04-22,52.805,0.0115900189350571
2008-04-23,52.105,-0.0132563204242023
2008-04-24,51,-0.0212071778140293
2008-04-25,51.5,0.00980392156862745
2008-04-28,51.849998,0.0067960776699029
2008-04-29,49.740002,-0.0406942349351682
2008-04-30,50.599998,0.0172898264057167
2008-05-02,51.509998,0.0179841904341578
2008-05-05,52.799999,0.0250437012247602
2008-05-06,54.290001,0.0282197353829495
2008-05-07,53.810001,-0.00884140709446657
2008-05-08,53.900002,0.00167257012316355
2008-05-09,54.740002,0.0155844150061441
2008-05-12,54.919998,0.00328819863762524
2008-05-13,56.240002,0.0240350336502197
2008-05-14,55.360001,-0.0156472433980354
2008-05-15,56.400002,0.0187861448918688
2008-05-16,57.900002,0.0265957437377396
2008-05-19,59.689999,0.0309153184485209
2008-05-20,61.5,0.0303233545036581
2008-05-21,62.299999,0.0130081138211382
2008-05-23,59.950001,-0.0377206747627717
2008-05-26,61.700001,0.0291909920068225
2008-05-27,59.200001,-0.0405186379170399
2008-05-28,60.490002,0.0217905570643486
2008-05-29,58.009998,-0.0409985769218522
2008-05-30,57.400002,-0.0105153597833257
2008-06-02,58.439999,0.0181184140028427
2008-06-03,55.490002,-0.050479073416822
2008-06-04,53.5,-0.0358623522846511
2008-06-05,56.060001,0.0478504859813084
2008-06-06,56.150002,0.00160544057071995
2008-06-09,55.959999,-0.0033838467182957
2008-06-10,54.299999,-0.0296640462770559
2008-06-11,54.400002,0.0018416759086865
2008-06-12,54.540001,0.00257351093479732
2008-06-13,55.610001,0.0196186281698088
2008-06-16,55.790001,0.00323682785044366
2008-06-17,56.02,0.00412258461870267
2008-06-18,55.299999,-0.012852570510532
2008-06-19,53.389999,-0.0345388794672491
2008-06-20,52.400002,-0.0185427424338405
2008-06-23,53.41,0.0192747702566881
2008-06-24,53.200001,-0.00393182924545958
2008-06-25,54.689999,0.0280074806765511
2008-06-26,54.799999,0.00201133666138848
2008-06-27,55,0.00364965335127105
2008-06-30,56.450001,0.0263636545454545
2008-07-01,56.299999,-0.00265725416019037
2008-07-02,54,-0.0408525584520881
2008-07-03,51.849998,-0.0398148518518519
2008-07-04,52.599998,0.0144648028723164
2008-07-07,51.259998,-0.0254752861397446
2008-07-08,49.73,-0.0298477967166524
2008-07-10,49.029999,-0.0140760305650513
2008-07-11,49.459999,0.0087701409090383
2008-07-14,49.599998,0.00283054999657392
2008-07-15,48.790001,-0.0163305853359108
2008-07-16,48.029999,-0.0155770031650543
2008-07-17,46,-0.0422652309445186
2008-07-18,46.009998,0.000217347826087023
2008-07-21,47.029999,0.0221691163733585
2008-07-22,45.52,-0.0321071450586251
2008-07-23,44.009998,-0.0331722759226714
2008-07-24,41.869999,-0.0486252919166232
2008-07-25,41.709999,-0.00382135189446736
2008-07-28,42.080002,0.00887084653250644
2008-07-29,42.540001,0.0109315346515429
2008-07-30,44.610001,0.0486600834823676
2008-07-31,43.939999,-0.0150190985200829
2008-08-01,42.279999,-0.0377787901178606
2008-08-04,40.110001,-0.0513244572214867
2008-08-05,39.650002,-0.0114684365128786
2008-08-06,40.709999,0.0267338448053547
2008-08-07,41.32,0.0149840583390827
2008-08-08,41,-0.00774443368828655
2008-08-11,39.860001,-0.0278048536585367
2008-08-12,40.200001,0.00852985427672226
2008-08-13,41.25,0.026119377459717
2008-08-14,40.900002,-0.00848479999999999
2008-08-15,40.049999,-0.0207824684213952
2008-08-18,38.900002,-0.0287140331763803
2008-08-19,40.040001,0.0293058853827307
2008-08-20,42,0.048951022753471
2008-08-21,43.310001,0.0311905
2008-08-22,43.110001,-0.00461787105477099
2008-08-25,41.650002,-0.0338668282563945
2008-08-26,42.009998,0.00864336092949053
2008-08-27,43.200001,0.0283266616675392
2008-08-28,43.299999,0.0023147684649359
2008-08-29,42.66,-0.0147805777085584
2008-09-01,41.810001,-0.0199249648382559
2008-09-02,40.810001,-0.0239177224607098
2008-09-03,40.09,-0.0176427586953501
2008-09-04,38.619999,-0.0366675230730856
2008-09-05,38.700001,0.00207151740216255
2008-09-08,36.900002,-0.0465116008653333
2008-09-09,34.32,-0.0699187495978998
2008-09-10,35.110001,0.0230186771561771
2008-09-11,38.700001,0.102250068292507
2008-09-12,40.419998,0.0444443657766314
2008-09-15,36.400002,-0.0994556209527769
2008-09-16,38.490002,0.0574175792627703
2008-09-17,36.709999,-0.0462458536635044
2008-09-18,39.299999,0.0705529847603645
2008-09-19,42.880001,0.091094200791201
2008-09-22,42.98,0.00233206617695734
2008-09-23,40.990002,-0.0463005583992555
2008-09-24,42.119999,0.0275676249052148
2008-09-25,44.049999,0.0458214635760082
2008-09-26,43.009998,-0.0236095578571976
2008-09-29,39.5,-0.0816088854503086
2008-09-30,42.220001,0.0688607848101267
2008-10-01,41.599998,-0.0146850541287293
2008-10-02,38.900002,-0.0649037531203727
2008-10-03,38.200001,-0.0179948833935793
2008-10-06,37.150002,-0.027486884097202
2008-10-07,34.950001,-0.0592194046180671
2008-10-08,33.310001,-0.0469241760536717
2008-10-09,31.040001,-0.0681477013465115
2008-10-10,30.1,-0.0302835363955046
2008-10-13,33.610001,0.116611328903654
2008-10-14,34,0.0116036592798674
2008-10-15,29.290001,-0.138529382352941
2008-10-16,26.75,-0.0867190479098994
2008-10-17,27.42,0.0250467289719627
2008-10-20,30.65,0.11779722830051
2008-10-21,30.35,-0.00978792822185961
2008-10-22,27.950001,-0.0790773970345964
2008-10-23,27,-0.0339893011095062
2008-10-24,24.25,-0.101851851851852
2008-10-27,22,-0.0927835051546392
2008-10-28,24.190001,0.0995454999999999
2008-10-29,26,0.0748242631325233
2008-10-30,28.110001,0.0811538846153846
2008-10-31,28.610001,0.0177872636859743
2008-11-03,28.190001,-0.0146801812415177
2008-11-04,31,0.0996806988406989
2008-11-05,29.809999,-0.038387129032258
2008-11-06,27.77,-0.0684333803567052
2008-11-07,28.209999,0.015844400432121
2008-11-10,29.290001,0.0382843686027781
2008-11-11,28.75,-0.0184363599031629
2008-11-12,24.940001,-0.132521704347826
2008-11-13,25.629999,0.0276663180566834
2008-11-14,25.1,-0.0206788537135721
2008-11-17,25.059999,-0.00159366533864543
2008-11-18,23.299999,-0.0702314473356524
2008-11-19,22.299999,-0.0429184567776162
2008-11-21,20.209999,-0.0937219772969496
2008-11-24,22.709999,0.123701144171259
2008-11-25,23.1,0.017173096308811
2008-11-26,24.219999,0.0484848051948052
2008-11-27,23.620001,-0.0247728333927678
2008-11-28,23.75,0.00550376776021312
2008-12-01,21.76,-0.0837894736842105
2008-12-02,21.639999,-0.00551475183823539
2008-12-03,22.84,0.055452913837935
2008-12-04,21.790001,-0.045971935201401
2008-12-05,21.5,-0.0133089025558099
2008-12-08,24.459999,0.137674372093023
2008-12-09,24.200001,-0.0106295180142894
2008-12-10,26.66,0.101652847039139
2008-12-11,26.93,0.0101275318829707
2008-12-12,27.6,0.0248793167471222
2008-12-15,27.75,0.0054347826086956
2008-12-16,28.85,0.0396396396396397
2008-12-17,29.639999,0.0273829809358751
2008-12-18,28.1,-0.0519567831294461
2008-12-19,27.889999,-0.0074733451957296
2008-12-22,26.120001,-0.0634635375928124
2008-12-23,25.889999,-0.00880558924940313
2008-12-26,26.85,0.0370799937072227
2008-12-29,27.09,0.00893854748603346
2008-12-30,27.49,0.0147655961609449
2009-01-02,29.860001,0.0862132048017462
2009-01-05,30.52,0.0221031137942694
2009-01-06,31.02,0.0163826998689384
2009-01-07,29.4,-0.0522243713733076
2009-01-08,30.950001,0.0527211224489797
2009-01-09,30.9,-0.00161554114327821
2009-01-12,28.639999,-0.0731391909385113
2009-01-13,28.74,0.00349165514984826
2009-01-14,27.68,-0.0368823938761308
2009-01-15,28.59,0.0328757225433526
2009-01-16,29,0.0143406785589367
2009-01-19,28.469999,-0.0182758965517241
2009-01-20,27.450001,-0.0358271175211492
2009-01-21,29.01,0.0568305625926936
2009-01-22,28.309999,-0.0241296449500172
2009-01-23,28.24,-0.00247258927843843
2009-01-26,28.59,0.0123937677053825
2009-01-27,28.35,-0.00839454354669459
2009-01-28,30.450001,0.0740741093474426
2009-01-29,30.02,-0.0141215430501957
2009-01-30,30.370001,0.0116589273817455
2009-02-02,29.76,-0.0200856430659978
2009-02-03,30.91,0.0386424731182795
2009-02-04,31.16,0.00808799741184083
2009-02-05,31.5,0.0109114249037227
2009-02-06,33.200001,0.0539682857142857
2009-02-09,33.610001,0.0123493972183915
2009-02-10,33.380001,-0.00684320122454019
2009-02-11,33,-0.0113840919297756
2009-02-12,32.75,-0.00757575757575758
2009-02-13,33.919998,0.0357251297709924
2009-02-16,34.25,0.00972883312080385
2009-02-17,32.310001,-0.0566423065693431
2009-02-18,31.57,-0.0229031562085064
2009-02-19,32.200001,0.019955685777637
2009-02-20,31.5,-0.021739160815554
2009-02-25,32.25,0.0238095238095238
2009-02-26,32.5,0.00775193798449612
2009-02-27,32.700001,0.00615387692307693
2009-03-02,30.68,-0.0617737289977453
2009-03-03,30.5,-0.0058670143415906
2009-03-04,32.509998,0.0659015737704919
2009-03-05,32.099998,-0.0126115049284224
2009-03-06,31.51,-0.0183800011451713
2009-03-09,31.59,0.00253887654712784
2009-03-10,33.32,0.054764165875277
2009-03-11,33.529999,0.00630249099639845
2009-03-12,34.299999,0.0229645100794665
2009-03-13,34.400002,0.00291553944360176
2009-03-16,33.599998,-0.0232559288804693
2009-03-17,34.599998,0.0297619065334468
2009-03-18,35,0.0115607521133383
2009-03-19,36.32,0.0377142857142857
2009-03-20,36.32,0
2009-03-23,38.970001,0.072962582599119
2009-03-24,38.150002,-0.0210418008457327
2009-03-25,38.330002,0.00471821731490341
2009-03-26,38.18,-0.00391343574675526
2009-03-27,37.049999,-0.0295966736511262
2009-03-30,35.779999,-0.0342780036242377
2009-03-31,35.380001,-0.0111793742643759
2009-04-01,36.599998,0.0344826728523834
2009-04-02,38.400002,0.0491804398459257
2009-04-03,38.5,0.00260411444770236
2009-04-06,38.07,-0.0111688311688312
2009-04-07,37.720001,-0.0091935644864722
2009-04-08,37.599998,-0.0031814156102489
2009-04-09,38.799999,0.0319149219103682
2009-04-13,38.900002,0.00257739697364428
2009-04-14,38.580002,-0.00822622065674959
2009-04-15,37.599998,-0.0254018649351029
2009-04-16,37.799999,0.00531917581484979
2009-04-17,37.349998,-0.0119047886747299
2009-04-20,36.200001,-0.0307897472979784
2009-04-22,35.790001,-0.0113259665379568
2009-04-23,36.509998,0.0201172668310349
2009-04-24,36.599998,0.00246507819584094
2009-04-27,35.709999,-0.024316913897099
2009-04-28,35.799999,0.00252030250686919
2009-04-29,36.91,0.0310056153912182
2009-04-30,36.84,-0.00189650501219163
2009-05-04,40,0.0857763300760042
2009-05-05,40.5,0.0125
2009-05-06,41.049999,0.0135802222222222
2009-05-07,40.259998,-0.0192448482154652
2009-05-08,41.66,0.0347740206047699
2009-05-11,41.299999,-0.00864140662505994
2009-05-12,40.450001,-0.0205810658736335
2009-05-13,39.349998,-0.0271941402424193
2009-05-14,39.52,0.0043202543491871
2009-05-15,38.98,-0.0136639676113362
2009-05-18,40.849998,0.0479732683427399
2009-05-19,41,0.00367201976362399
2009-05-20,41.5,0.0121951219512195
2009-05-21,40.700001,-0.0192770843373494
2009-05-22,41.200001,0.0122850119831692
2009-05-25,41.369999,0.00412616494839405
2009-05-26,42.349998,0.0236886396830708
2009-05-27,42.490002,0.00330587973109226
2009-05-28,43.5,0.0237702507050954
2009-05-29,43.16,-0.00781609195402307
2009-06-01,44.400002,0.0287303521779426
2009-06-02,43.099998,-0.0292793680504789
2009-06-03,41.189999,-0.0443155240981681
2009-06-04,42.48,0.0313183061742729
2009-06-05,42.34,-0.00329566854990568
2009-06-08,42.400002,0.00141714690599899
2009-06-09,42,-0.00943400898896186
2009-06-10,42.349998,0.0083332857142857
2009-06-12,42.240002,-0.0025973082690583
2009-06-15,41.400002,-0.0198863626947744
2009-06-16,40.5,-0.0217391776937595
2009-06-17,39.669998,-0.0204938765432099
2009-06-18,39.349998,-0.00806654943617593
2009-06-19,39.84,0.0124524021576826
2009-06-22,38.200001,-0.0411646335341366
2009-06-23,38.720001,0.0136125650886764
2009-06-24,38.209999,-0.0131715389160243
2009-06-25,39.75,0.0403036126747869
2009-06-26,39.810001,0.00150945911949685
2009-06-29,40.75,0.0236121320368718
2009-06-30,40.09,-0.0161963190184048
2009-07-01,39.060001,-0.0256921676228487
2009-07-02,38.23,-0.0212493850166569
2009-07-03,37.900002,-0.00863191211090757
2009-07-06,36.509998,-0.0366755653469358
2009-07-07,36.150002,-0.0098602032243333
2009-07-08,35.639999,-0.0141079660244555
2009-07-09,35.639999,0
2009-07-10,36.470001,0.0232884967252665
2009-07-13,36.400002,-0.00191935832411967
2009-07-14,36.25,-0.00412093383950915
2009-07-15,37.599998,0.037241324137931
2009-07-16,38,0.0106383516296996
2009-07-17,38.799999,0.0210526052631579
2009-07-20,39.599998,0.0206185314592405
2009-07-21,39.540001,-0.00151507583409481
2009-07-22,39.18,-0.00910472915769519
2009-07-23,40.200001,0.0260337161817254
2009-07-24,40.150002,-0.00124375618796626
2009-07-27,40.099998,-0.00124542957681549
2009-07-28,39.290001,-0.020199427441368
2009-07-29,37.849998,-0.0366506226355148
2009-07-30,38.220001,0.00977550910306532
2009-07-31,38.549999,0.00863417036540622
2009-08-03,39.75,0.0311284314170799
2009-08-04,39.09,-0.0166037735849056
2009-08-05,39.349998,0.0066512663085187
2009-08-06,38.799999,-0.0139771036328896
2009-08-07,39.040001,0.00618561871612412
2009-08-10,39.099998,0.00153680836227445
2009-08-11,37.860001,-0.0317134798830425
2009-08-12,38.700001,0.0221870041683307
2009-08-13,39.299999,0.0155038238887901
2009-08-14,39.099998,-0.00508908409895889
2009-08-17,38.700001,-0.0102301028250692
2009-08-18,38.900002,0.00516798436258439
2009-08-19,39.400002,0.0128534697761712
2009-08-20,39.799999,0.0101522076064869
2009-08-21,40.610001,0.0203518095565781
2009-08-24,40.34,-0.00664863317782222
2009-08-25,40.110001,-0.00570151214675276
2009-08-26,39.869999,-0.00598359496425834
2009-08-27,39.299999,-0.0142964638649728
2009-08-28,39.290001,-0.000254402042096822
2009-08-31,37.529999,-0.0447951630237933
2009-09-01,37.330002,-0.00532899028321307
2009-09-02,37.860001,0.0141976686741136
2009-09-03,37.77,-0.00237720543113546
2009-09-04,38.450001,0.0180037331215249
2009-09-08,39.279999,0.0215864233657626
2009-09-09,39.799999,0.0132382895427264
2009-09-10,40.169998,0.00929645752001149
2009-09-11,39.75,-0.0104555145857861
2009-09-14,39.860001,0.0027673207547169
2009-09-15,40.279999,0.0105368286368081
2009-09-16,41,0.0178749011389003
2009-09-17,41.049999,0.00121948780487804
2009-09-18,41.09,0.000974445821545665
2009-09-21,41.150002,0.00146025797030901
2009-09-22,41.330002,0.0043742403706323
2009-09-23,40.459999,-0.0210501562521095
2009-09-24,39.650002,-0.0200196989624247
2009-09-25,39.75,0.00252201752726266
2009-09-28,40.799999,0.0264150691823899
2009-09-29,40.84,0.000980416690696579
2009-09-30,40.849998,0.000244809010773652
2009-10-01,39.990002,-0.0210525346904546
2009-10-02,39.82,-0.00425111256558568
2009-10-05,39.970001,0.00376697639377205
2009-10-06,40.32,0.00875654218772716
2009-10-07,40.5,0.00446428571428571
2009-10-08,41.549999,0.0259259012345679
2009-10-09,41.599998,0.00120334539598905
2009-10-13,41.830002,0.00552894257350688
2009-10-14,42.450001,0.0148218735442566
2009-10-15,43.049999,0.0141342281711607
2009-10-16,42.799999,-0.00580720106404648
2009-10-19,43.98,0.0275701174665915
2009-10-20,43.200001,-0.0177353115052296
2009-10-21,43,-0.0046296526706099
2009-10-22,43.16,0.00372093023255806
2009-10-23,42.41,-0.0173772011121409
2009-10-26,42.599998,0.00448002829521346
2009-10-27,41.529999,-0.0251173485970587
2009-10-28,40.25,-0.0308210698488097
2009-10-29,41.799999,0.0385092919254658
2009-10-30,40.5,-0.0311004552894846
2009-11-03,41.049999,0.0135802222222222
2009-11-04,41.200001,0.003654129199857
2009-11-05,42.18,0.0237863829178062
2009-11-06,41.599998,-0.013750640113798
2009-11-09,42.700001,0.0264423810789607
2009-11-10,43.299999,0.0140514750807617
2009-11-11,43.599998,0.00692838353183333
2009-11-12,42.400002,-0.0275228452992131
2009-11-13,42.799999,0.00943389106443908
2009-11-16,43,0.00467292066992806
2009-11-17,44.150002,0.0267442325581395
2009-11-18,43.779999,-0.00838058852183074
2009-11-19,43.900002,0.0027410462023995
2009-11-23,44,0.00227785866615677
2009-11-24,44.279999,0.00636361363636356
2009-11-25,44.849998,0.0128726064334374
2009-11-26,43.599998,-0.0278706812874328
2009-11-27,44.23,0.0144495878187884
2009-11-30,44.110001,-0.00271306805335745
2009-12-01,45.099998,0.0224438217537107
2009-12-02,44.599998,-0.0110864749927483
2009-12-03,44.02,-0.0130044400450421
2009-12-04,43.130001,-0.0202180599727397
2009-12-07,43.27,0.00324597720273651
2009-12-08,42.099998,-0.0270395655188353
2009-12-09,42.189999,0.00213779107542953
2009-12-10,42.400002,0.00497755404070999
2009-12-11,42.099998,-0.00707556570398278
2009-12-14,41.720001,-0.00902605743591712
2009-12-15,42.130001,0.00982742066568974
2009-12-16,42.400002,0.00640875845220133
2009-12-17,41.41,-0.0233491026722122
2009-12-18,41.34,-0.00169041294373323
2009-12-21,40.200001,-0.0275761731978714
2009-12-22,41,0.0199004721417793
2009-12-23,41.150002,0.00365858536585367
2009-12-24,41.150002,0
2009-12-28,41.150002,0
2009-12-29,41.560001,0.00996352320954928
2010-01-04,41.650002,0.00216556780159849
2010-01-05,41.400002,-0.00600240067215363
2010-01-06,41.810001,0.00990335700949964
2010-01-07,41.560001,-0.00597943061517745
2010-01-08,41.25,-0.00745911916604621
2010-01-11,41.290001,0.00096972121212113
2010-01-12,40.77,-0.0125938723033694
2010-01-13,40.400002,-0.00907525141035081
2010-01-14,39.75,-0.0160891576193486
2010-01-15,39.990002,0.00603778616352194
2010-01-18,40.900002,0.0227556877841617
2010-01-19,40.669998,-0.00562356940716044
2010-01-20,39.549999,-0.02753870310001
2010-01-21,38.439999,-0.0280657402797911
2010-01-22,38.529999,0.00234131119514328
2010-01-26,37.84,-0.0179080980510795
2010-01-27,38,0.00422832980972507
2010-01-28,38.799999,0.0210526052631579
2010-01-29,38.220001,-0.0149484024471237
2010-02-01,38.32,0.00261640495509136
2010-02-02,38.299999,-0.000521946764091874
2010-02-03,38.290001,-0.000261044393238837
2010-02-04,36.450001,-0.0480543210223472
2010-02-05,35.799999,-0.0178327018427242
2010-02-08,36.139999,0.00949720696919582
2010-02-09,36.759998,0.017155479168663
2010-02-10,37.279999,0.014145838636879
2010-02-11,37.810001,0.0142167922268454
2010-02-12,38.25,0.0116371062777809
2010-02-17,38.389999,0.00366010457516348
2010-02-18,38.700001,0.00807507184358086
2010-02-19,38.599998,-0.00258405678077375
2010-02-22,38.880001,0.00725396410642303
2010-02-23,38.150002,-0.0187756939615305
2010-02-24,38.139999,-0.000262201821116485
2010-02-25,38.32,0.00471948098373042
2010-02-26,38.700001,0.00991651878914405
2010-03-01,39.049999,0.00904387573530035
2010-03-02,39.279999,0.00588988491395344
2010-03-03,39.41,0.0033095978439307
2010-03-04,39.189999,-0.00558236488200955
2010-03-05,39.990002,0.0204134478288707
2010-03-08,39.970001,-0.000500150012495461
2010-03-09,40.709999,0.0185138349133391
2010-03-10,41.299999,0.0144927539791882
2010-03-11,41.299999,0
2010-03-12,41.490002,0.00460055701211996
2010-03-15,41.080002,-0.00988189877648106
2010-03-16,41.540001,0.0111976382084888
2010-03-17,41.549999,0.000240683672588334
2010-03-18,41.400002,-0.00361003618796715
2010-03-19,40.549999,-0.0205314724380931
2010-03-22,40.549999,0
2010-03-23,39.900002,-0.0160295195075097
2010-03-24,40.299999,0.010024986966166
2010-03-25,39.450001,-0.0210917623099693
2010-03-26,39.25,-0.00506973371179383
2010-03-29,39.450001,0.0050955668789809
2010-03-30,39.299999,-0.00380233196952265
2010-03-31,39.700001,0.0101781681979178
2010-04-01,40.150002,0.011335037497858
2010-04-05,40.400002,0.00622664975209715
2010-04-06,40.59,0.00470292055926143
2010-04-07,40.389999,-0.00492734663710274
2010-04-08,40.459999,0.00173310229594213
2010-04-09,39.700001,-0.0187839352146302
2010-04-12,38.540001,-0.0292191428408277
2010-04-13,38.369999,-0.00441105333650605
2010-04-14,38.650002,0.00729744611147894
2010-04-15,37.970001,-0.0175938153897119
2010-04-16,37.07,-0.0237029490728747
2010-04-19,37.700001,0.0169949015376315
2010-04-20,38.549999,0.0225463654496985
2010-04-22,38.099998,-0.0116731779941162
2010-04-23,38.279999,0.00472443594353987
2010-04-26,37.509998,-0.0201149691775069
2010-04-27,36.330002,-0.0314581728316808
2010-04-28,36.400002,0.00192678216753196
2010-04-29,37.09,0.0189559879694513
2010-04-30,36.950001,-0.00377457535723923
2010-05-03,35.84,-0.0300406216497801
2010-05-04,34.209999,-0.0454799386160714
2010-05-05,34.099998,-0.00321546340881226
2010-05-06,34.009998,-0.00263929634248062
2010-05-07,33.66,-0.0102910326545743
2010-05-10,34.240002,0.0172311942959002
2010-05-11,33.52,-0.0210280945661158
2010-05-12,33.860001,0.0101432279236275
2010-05-13,33.900002,0.00118136440692969
2010-05-14,34.029999,0.00383471953777454
2010-05-17,33.630001,-0.0117542759845511
2010-05-18,32.91,-0.0214094849417341
2010-05-19,32.189999,-0.0218778790641141
2010-05-20,31.059999,-0.0351040706773554
2010-05-21,31.440001,0.0122344498465695
2010-05-24,30.9,-0.0171756037794019
2010-05-25,30.389999,-0.0165048867313916
2010-05-26,31.049999,0.0217176710009105
2010-05-27,32.040001,0.0318841234101166
2010-05-28,32.41,0.0115480333474397
2010-05-31,34.080002,0.0515273680962667
2010-06-01,32.98,-0.0322770520964172
2010-06-02,33.32,0.0103092783505156
2010-06-04,33.799999,0.0144057322929171
2010-06-07,33.990002,0.00562139069885763
2010-06-08,34.400002,0.0120623705759124
2010-06-09,34.549999,0.00436037765346639
2010-06-10,34.939999,0.0112879887492906
2010-06-11,34.549999,-0.0111619923057239
2010-06-14,33.669998,-0.0254703625317037
2010-06-15,33.880001,0.0062370957075792
2010-06-16,34.580002,0.0206611859308977
2010-06-17,34.490002,-0.00260266034686763
2010-06-18,33.799999,-0.0200058846038918
2010-06-21,34.169998,0.0109467163001987
2010-06-22,33.240002,-0.0272167414232802
2010-06-23,32.619999,-0.0186523153638799
2010-06-24,31.620001,-0.0306559788674427
2010-06-25,32.02,0.0126501893532516
2010-06-28,31.360001,-0.0206120861961275
2010-06-29,31.040001,-0.0102040813072678
2010-06-30,31,-0.00128869196879215
2010-07-01,30.190001,-0.026129
2010-07-02,30.299999,0.00364352422512344
2010-07-05,30,-0.00990095742247383
2010-07-06,30.99,0.0329999999999999
2010-07-07,31.450001,0.014843530171023
2010-07-08,31.799999,0.0111287118877993
2010-07-12,31.26,-0.0169811011629276
2010-07-13,31.190001,-0.00223925143953944
2010-07-14,31.290001,0.00320615571637851
2010-07-15,31.02,-0.00862898662099757
2010-07-16,30.58,-0.0141843971631206
2010-07-19,30.799999,0.00719421190320475
2010-07-20,31.9,0.035714319341374
2010-07-21,31.540001,-0.0112852351097178
2010-07-22,31.870001,0.0104629039168388
2010-07-23,31.780001,-0.00282397229921643
2010-07-26,31.93,0.00471991803902086
2010-07-27,31.799999,-0.00407143751957407
2010-07-28,31.5,-0.00943393111427455
2010-07-29,31.280001,-0.00698409523809528
2010-07-30,32.040001,0.0242966744150679
2010-08-02,32.68,0.0199749993765607
2010-08-03,33.5,0.0250917992656059
2010-08-04,33.900002,0.0119403582089552
2010-08-05,33.799999,-0.00294994082891207
2010-08-06,33.52,-0.00828399432792873
2010-08-09,33.150002,-0.0110381264916469
2010-08-10,32.900002,-0.00754147767472231
2010-08-11,31.65,-0.0379939794532536
2010-08-12,31.700001,0.00157981042654034
2010-08-13,31.76,0.00189271287404695
2010-08-16,31.690001,-0.00220399874055424
2010-08-17,32.310001,0.019564530780545
2010-08-18,31.51,-0.0247601663645878
2010-08-19,30.360001,-0.0364963186290067
2010-08-20,30.299999,-0.00197635039603591
2010-08-23,30.18,-0.00396036316700868
2010-08-24,29.559999,-0.020543439363817
2010-08-25,29.74,0.00608934391371249
2010-08-26,29.1,-0.0215198386012104
2010-08-27,29.950001,0.0292096563573883
2010-08-30,30.1,0.00500831368920492
2010-08-31,29.59,-0.0169435215946844
2010-09-01,30.07,0.0162216965190943
2010-09-02,31.24,0.0389092118390422
2010-09-03,32.709999,0.0470550256081948
2010-09-06,33.34,0.0192601962476367
2010-09-08,31.860001,-0.0443910917816438
2010-09-09,31.25,-0.0191462956953454
2010-09-10,31.02,-0.00736000000000001
2010-09-13,31.66,0.0206318504190845
2010-09-14,30.139999,-0.0480101389766267
2010-09-15,29.98,-0.00530852705071421
2010-09-16,29.969999,-0.000333589059372883
2010-09-17,30.190001,0.00734074098567696
2010-09-20,30.799999,0.0202052990988639
2010-09-21,29.799999,-0.0324675335216732
2010-09-22,29.6,-0.00671137606414008
2010-09-23,30.25,0.0219594594594594
2010-09-24,29.65,-0.0198347107438017
2010-09-27,30.25,0.0202360876897134
2010-09-28,30.08,-0.00561983471074386
2010-09-29,30.950001,0.0289229055851065
2010-09-30,30.4,-0.0177706294742931
2010-10-01,30.6,0.00657894736842115
2010-10-04,30.559999,-0.00130722222222223
2010-10-05,30.389999,-0.00556282740716064
2010-10-06,29.18,-0.0398156972627738
2010-10-07,28.309999,-0.0298149760109664
2010-10-08,29,0.0243730492537283
2010-10-11,28.74,-0.00896551724137936
2010-10-13,28.6,-0.00487125956854548
2010-10-14,29.1,0.0174825174825175
2010-10-15,28.639999,-0.0158075945017183
2010-10-18,28.700001,0.00209504197259227
2010-10-19,27.65,-0.0365853994221116
2010-10-20,27.5,-0.00542495479204335
2010-10-21,26.68,-0.0298181818181818
2010-10-22,26.75,0.00262368815592205
2010-10-25,27.209999,0.0171962242990654
2010-10-26,28.450001,0.0455715562503328
2010-10-27,28.790001,0.011950790441097
2010-10-28,28.799999,0.000347273346742833
2010-10-29,28.549999,-0.00868055585696374
2010-11-01,29.1,0.019264484037285
2010-11-03,29.299999,0.00687281786941575
2010-11-04,30.200001,0.0307167928572284
2010-11-05,29.950001,-0.00827814542125346
2010-11-08,30.290001,0.0113522533772202
2010-11-09,29.9,-0.0128755690698063
2010-11-10,29.940001,0.00133782608695653
2010-11-11,29.5,-0.0146960916935173
2010-11-12,28.52,-0.0332203389830509
2010-11-16,27.959999,-0.0196353786816269
2010-11-17,28.09,0.00464953521636392
2010-11-18,28.530001,0.0156639729441082
2010-11-19,28.450001,-0.00280406579726367
2010-11-22,27.6,-0.0298770112521261
2010-11-23,27.33,-0.00978260869565229
2010-11-24,27.879999,0.0201243688254666
2010-11-25,27.5,-0.0136298068016431
2010-11-26,27.23,-0.0098181818181818
2010-11-29,27.5,0.00991553433712815
2010-11-30,27.370001,-0.00472723636363642
2010-12-01,28.16,0.0288636818098765
2010-12-02,28.209999,0.00177553267045453
2010-12-03,28.58,0.0131159522550851
2010-12-06,28.719999,0.0048984954513647
2010-12-07,28.01,-0.0247214145097985
2010-12-08,27.690001,-0.0114244555515888
2010-12-09,28.09,0.014445611612654
2010-12-10,28.33,0.00854396582413665
2010-12-13,28.690001,0.0127074126367808
2010-12-14,28.49,-0.00697110467162411
2010-12-15,27.959999,-0.0186030537030537
2010-12-16,27.969999,0.000357653803921866
2010-12-17,28.620001,0.0232392571769487
2010-12-20,28.33,-0.0101328088702722
2010-12-21,28.450001,0.00423582774444059
2010-12-22,28.49,0.0014059401966277
2010-12-23,28.540001,0.00175503685503692
2010-12-27,28.74,0.00700767319524615
2010-12-28,29.610001,0.0302714335421017
2010-12-29,30.1,0.0165484290257201
2010-12-30,30.549999,0.0149501328903654
2011-01-03,30.299999,-0.00818330632351248
2011-01-04,30.059999,-0.00792079234062016
2011-01-05,30.629999,0.018962076479111
2011-01-06,30.450001,-0.00587652647327874
2011-01-07,30,-0.0147783574785433
2011-01-10,30.209999,0.00699996666666666
2011-01-11,30.5,0.00959950379342946
2011-01-12,31.469999,0.0318032459016394
2011-01-13,30.5,-0.0308229752406411
2011-01-14,30.77,0.00885245901639343
2011-01-17,30.469999,-0.00974978875528106
2011-01-18,30.950001,0.0157532660240651
2011-01-19,30.139999,-0.0261713077165975
2011-01-20,30.1,-0.00132710687880242
2011-01-21,29.870001,-0.00764116279069777
2011-01-24,30.01,0.00468694326458185
2011-01-26,29.5,-0.0169943352215929
2011-01-27,29.610001,0.00372884745762713
2011-01-28,29.35,-0.00878085076727958
2011-01-31,30.049999,0.0238500511073253
2011-02-01,30.99,0.0312812323221708
2011-02-02,31,0.00032268473701199
2011-02-03,31.389999,0.0125806129032258
2011-02-04,31,-0.0124243074999779
2011-02-07,30.51,-0.0158064516129032
2011-02-08,30.030001,-0.0157325139298592
2011-02-09,29.120001,-0.0303030292939384
2011-02-10,29.42,0.0103021631077555
2011-02-11,29.57,0.00509857239972803
2011-02-14,30.17,0.0202908353060535
2011-02-15,30.629999,0.0152469008949287
2011-02-16,30.91,0.0091413976213319
2011-02-17,30.65,-0.00841151730831451
2011-02-18,30.940001,0.00946169657422513
2011-02-21,30.950001,0.000323206195112972
2011-02-22,31.540001,0.0190630042305976
2011-02-23,33.009998,0.0466073859667919
2011-02-25,32.860001,-0.00454398694601575
2011-02-28,32.599998,-0.00791244650296869
2011-03-01,32.150002,-0.0138035591290527
2011-03-02,33.200001,0.0326593758843312
2011-03-03,33.16,-0.00120484936129983
2011-03-04,33.650002,0.0147768998793729
2011-03-10,32.099998,-0.046062523265229
2011-03-11,32.220001,0.00373841144787623
2011-03-14,32.450001,0.00713842311798801
2011-03-15,32.130001,-0.00986132481166951
2011-03-16,31.799999,-0.0102708369041134
2011-03-17,32.220001,0.0132076104782269
2011-03-18,31.969999,-0.00775921763627512
2011-03-21,32.220001,0.00781989389489822
2011-03-22,32.599998,0.0117938233459396
2011-03-23,32.990002,0.0119633136173811
2011-03-24,32.529999,-0.0139437093698873
2011-03-25,33.110001,0.0178297576953507
2011-03-28,32.5,-0.0184234666740118
2011-03-29,32.419998,-0.00246160000000001
2011-03-30,32.419998,0
2011-03-31,32.619999,0.00616906268778919
2011-04-04,32.799999,0.00551808723231413
2011-04-05,32.330002,-0.0143291772661334
2011-04-06,32.080002,-0.007732755475858
2011-04-07,31.65,-0.0134040515334133
2011-04-08,31.469999,-0.00568723538704573
2011-04-11,31.02,-0.0142993013758914
2011-04-12,29.92,-0.0354609929078014
2011-04-13,29.299999,-0.0207219585561498
2011-04-14,28.82,-0.0163822189891542
2011-04-15,29.639999,0.0284524288688411
2011-04-18,28.459999,-0.039811067470009
2011-04-19,28.77,0.0108925161943962
2011-04-20,29.48,0.0246784845324992
2011-04-25,29.35,-0.00440976933514244
2011-04-26,29.360001,0.000340749574105589
2011-04-27,28.93,-0.0146458101278675
2011-04-28,28.75,-0.00622191496716211
2011-04-29,28.889999,0.00486953043478259
2011-05-02,28.690001,-0.00692274167264598
2011-05-03,28.459999,-0.00801679999941439
2011-05-04,28.309999,-0.0052705553503357
2011-05-05,27.540001,-0.0271987999716991
2011-05-06,27.219999,-0.0116195347995811
2011-05-09,27.82,0.0220426532712216
2011-05-11,27.209999,-0.0219267074047448
2011-05-12,26.76,-0.0165380013428151
2011-05-13,26.4,-0.0134529147982064
2011-05-16,27.02,0.0234848484848485
2011-05-17,27.450001,0.0159141746854182
2011-05-18,27.049999,-0.0145720213270666
2011-05-19,26.559999,-0.0181146032574714
2011-05-20,27,0.0165663033345746
2011-05-23,26.700001,-0.0111110740740741
2011-05-24,26.809999,0.00411977512660022
2011-05-25,26.91,0.00372998894927221
2011-05-26,27.190001,0.0104050910442214
2011-05-27,27.290001,0.00367782259368072
2011-05-30,26.98,-0.0113595085613958
2011-05-31,26.83,-0.00555967383246857
2011-06-01,26.799999,-0.00111818859485645
2011-06-02,26.58,-0.00820891821675073
2011-06-03,26.33,-0.00940556809631302
2011-06-06,25.77,-0.0212685150018989
2011-06-07,25.52,-0.0097012029491657
2011-06-08,25.799999,0.0109717476489028
2011-06-09,26.26,0.0178294968150968
2011-06-10,26.200001,-0.00228480578827118
2011-06-13,25.73,-0.0179389687809554
2011-06-14,26.15,0.0163233579479206
2011-06-15,25.809999,-0.0130019502868068
2011-06-16,25.870001,0.00232475793586808
2011-06-17,25.67,-0.00773100086080386
2011-06-20,25.5,-0.00662251655629146
2011-06-21,25.75,0.00980392156862745
2011-06-22,25.709999,-0.00155343689320389
2011-06-24,25.200001,-0.0198365624207142
2011-06-27,25.43,0.0091269440822641
2011-06-28,25.85,0.0165159260715691
2011-06-29,25.75,-0.00386847195357839
2011-06-30,26.25,0.0194174757281553
2011-07-01,26.299999,0.0019047238095238
2011-07-04,26.25,-0.00190110273388222
2011-07-05,26.01,-0.00914285714285708
2011-07-06,25.959999,-0.00192237600922729
2011-07-07,26.07,0.00423732681961969
2011-07-08,25.93,-0.00537015726889147
2011-07-11,25.5,-0.0165831083686849
2011-07-12,25.5,0
2011-07-13,25.799999,0.0117646666666667
2011-07-14,25.299999,-0.0193798457123971
2011-07-15,25.379999,0.00316205546095088
2011-07-18,25.200001,-0.00709212005879122
2011-07-19,25.01,-0.00753972192302686
2011-07-20,24.809999,-0.00799684126349461
2011-07-21,25.450001,0.0257961316322503
2011-07-22,25.5,0.00196459717231444
2011-07-25,26.030001,0.0207843529411764
2011-07-26,26.379999,0.0134459464676933
2011-07-27,26.35,-0.00113718730618603
2011-07-28,26.059999,-0.0110057305502846
2011-07-29,26,-0.00230234084045825
2011-08-01,26.15,0.00576923076923071
2011-08-02,25.6,-0.0210325047801146
2011-08-03,24.700001,-0.0351562109375
2011-08-04,22.969999,-0.070040563965969
2011-08-05,22.530001,-0.0191553338770282
2011-08-08,20.75,-0.0790058109629023
2011-08-09,21.33,0.0279518072289156
2011-08-10,21.9,0.0267229254571027
2011-08-11,22.6,0.0319634703196348
2011-08-12,22.450001,-0.00663712389380536
2011-08-15,23.299999,0.0378618245941281
2011-08-16,23.02,-0.0120171249792758
2011-08-17,23.1,0.00347523892267601
2011-08-18,22.200001,-0.0389609956709957
2011-08-19,21.84,-0.0162162605307991
2011-08-22,21.48,-0.0164835164835165
2011-08-23,22.1,0.0288640595903166
2011-08-24,22.200001,0.00452493212669678
2011-08-25,21.799999,-0.0180181072964817
2011-08-26,21.809999,0.000458715617372348
2011-08-29,22.6,0.0362219640633638
2011-08-30,22.6,0
2011-08-31,22.950001,0.0154867699115044
2011-09-01,23.17,0.0095860126542043
2011-09-02,22.469999,-0.0302115235217954
2011-09-05,21.950001,-0.0231418790895363
2011-09-06,22.51,0.0255124817534177
2011-09-08,22.799999,0.0128831186139493
2011-09-09,22.030001,-0.0337718435864844
2011-09-12,22.26,0.010440262803438
2011-09-13,22.299999,0.00179690026954169
2011-09-14,22.6,0.0134529602445274
2011-09-15,22.629999,0.00132738938053098
2011-09-16,22.610001,-0.000883694250273766
2011-09-19,22.91,0.013268420465793
2011-09-20,22.65,-0.011348756001746
2011-09-21,22.68,0.00132450331125833
2011-09-22,21.4,-0.0564373897707232
2011-09-23,21,-0.0186915887850467
2011-09-26,21.719999,0.0342856666666667
2011-09-27,21.459999,-0.0119705346211112
2011-09-28,21.209999,-0.0116495811579488
2011-09-29,21.110001,-0.0047146631171458
2011-09-30,20.9,-0.00994793889398688
2011-10-03,20.059999,-0.0401914354066984
2011-10-04,20.139999,0.00398803609112833
2011-10-05,19.799999,-0.0168818280477571
2011-10-06,20.59,0.0398990424191436
2011-10-07,19.9,-0.0335114133074309
2011-10-10,20.66,0.0381909547738694
2011-10-11,20.799999,0.00677633107454015
2011-10-13,21.040001,0.0115385582470461
2011-10-14,21.41,0.0175855029664685
2011-10-17,20.950001,-0.0214852405418029
2011-10-18,21.120001,0.00811455808522387
2011-10-19,20.950001,-0.00804924204312292
2011-10-20,20.459999,-0.0233891158286818
2011-10-21,21,0.0263930120426692
2011-10-24,21.5,0.0238095238095238
2011-10-28,23.280001,0.0827907441860464
2011-10-31,23.08,-0.00859110787838885
2011-11-01,22.75,-0.0142980935875216
2011-11-03,23.67,0.0404395604395605
2011-11-04,23.9,0.0097169412758765
2011-11-07,24.620001,0.0301255648535565
2011-11-08,24.4,-0.00893586478733286
2011-11-09,23.25,-0.0471311475409835
2011-11-11,23.85,0.0258064516129033
2011-11-14,23.75,-0.00419287211740048
2011-11-16,24.129999,0.0159999578947369
2011-11-17,23.43,-0.0290094914633027
2011-11-18,23.629999,0.00853602219376875
2011-11-21,23.5,-0.0055014390817368
2011-11-22,23.5,0
2011-11-23,23.309999,-0.00808514893617016
2011-11-24,23.43,0.00514804826889947
2011-11-25,22.809999,-0.0264618437900127
2011-11-28,23.48,0.0293731271097381
2011-11-29,23.27,-0.0089437819420784
2011-11-30,24.120001,0.0365277610657498
2011-12-01,24.700001,0.0240464334972458
2011-12-02,24.629999,-0.00283408895408542
2011-12-05,25.17,0.0219245238296599
2011-12-06,25.389999,0.00874052443384974
2011-12-07,25.33,-0.00236309580004321
2011-12-08,24.34,-0.0390840900118436
2011-12-09,24.75,0.0168447000821693
2011-12-13,24.1,-0.0262626262626262
2011-12-14,23.299999,-0.033195062240664
2011-12-15,23.059999,-0.0103004296266278
2011-12-16,22.799999,-0.0112749354412375
2011-12-19,22.700001,-0.00438587738534547
2011-12-20,23.74,0.0458149319024258
2011-12-21,23.450001,-0.0122156276326874
2011-12-22,23.790001,0.0144989332836276
2011-12-23,23.9,0.00462374928021224
2011-12-26,23.780001,-0.00502087866108787
2011-12-27,23.77,-0.000420563481052799
2011-12-28,22.790001,-0.0412283971392511
2011-12-29,23,0.00921452350967426
2012-01-02,23.209999,0.00913039130434782
2012-01-03,24.02,0.0348987951270485
2012-01-04,24.17,0.00624479600333065
2012-01-05,24.02,-0.00620604054613166
2012-01-06,24,-0.000832639467110723
2012-01-09,24.48,0.02
2012-01-10,24.82,0.0138888888888889
2012-01-11,24.85,0.0012087026591459
2012-01-12,25.16,0.0124748490945674
2012-01-13,25.370001,0.00834662162162155
2012-01-16,25.969999,0.0236499005262161
2012-01-18,26.440001,0.018097882868613
2012-01-19,26.389999,-0.00189114970154499
2012-01-20,26.35,-0.00151568781794945
2012-01-23,27.299999,0.0360530929791271
2012-01-24,27.73,0.0157509529579104
2012-01-26,27.190001,-0.0194734583483592
2012-01-27,26.860001,-0.0121368145591461
2012-01-30,26.799999,-0.00223387929136714
2012-01-31,26.91,0.0041045150785267
2012-02-01,27.200001,0.0107767001114827
2012-02-02,26.799999,-0.0147059553416928
2012-02-03,26.860001,0.00223888068055528
2012-02-06,27.18,0.0119135885363519
2012-02-07,27.75,0.0209713024282561
2012-02-08,27.59,-0.00576576576576577
2012-02-09,27.530001,-0.00217466473359918
2012-02-10,25.25,-0.0828187765049481
2012-02-13,25.25,0
2012-02-14,24.889999,-0.0142574653465347
2012-02-15,24.67,-0.00883885129927076
2012-02-16,25.49,0.0332387515200647
2012-02-17,25.360001,-0.00509999999999992
2012-02-23,25.35,-0.000394361183187613
2012-02-24,25.950001,0.0236686785009861
2012-02-27,25.549999,-0.0154143346661143
2012-02-28,25.65,0.00391393361698366
2012-02-29,25.700001,0.00194935672514627
2012-03-01,26.200001,0.0194552521612742
2012-03-02,26.6,0.015267136821865
2012-03-05,25.82,-0.0293233082706767
2012-03-06,24.84,-0.0379550735863672
2012-03-07,25.049999,0.00845406602254428
2012-03-08,25.08,0.00119764475838896
2012-03-09,24.870001,-0.00837316586921849
2012-03-12,24.68,-0.00763976648010584
2012-03-13,25.65,0.0393030794165316
2012-03-14,25.77,0.00467836257309945
2012-03-15,25.1,-0.025999223903764
2012-03-16,25.200001,0.00398410358565733
2012-03-19,25.25,0.00198408722285367
2012-03-20,24.879999,-0.014653504950495
2012-03-21,24.75,-0.00522504040293577
2012-03-22,24.34,-0.0165656565656566
2012-03-23,24.42,0.00328677074774042
2012-03-26,24.98,0.0229320229320229
2012-03-27,24.65,-0.0132105684547639
2012-03-28,24.17,-0.0194726166328599
2012-03-29,24.16,-0.000413736036408836
2012-03-30,24.299999,0.00579466059602647
2012-04-02,24.33,0.00123460910430484
2012-04-03,23.620001,-0.0291820386354295
2012-04-04,22.99,-0.0266723528081138
2012-04-05,23.059999,0.00304475859069173
2012-04-09,22.57,-0.0212488734279651
2012-04-10,22.16,-0.0181657066902969
2012-04-11,22.35,0.00857400722021666
2012-04-12,23.02,0.0299776286353467
2012-04-13,22.440001,-0.025195438748914
2012-04-16,22.370001,-0.00311942945100583
2012-04-17,22.360001,-0.000447027248679963
2012-04-18,22.719999,0.0161000887253986
2012-04-19,22.34,-0.0167253088347408
2012-04-20,22.379999,0.00179046553267689
2012-04-23,22.15,-0.0102769888416886
2012-04-24,22.200001,0.00225738148984207
2012-04-25,22.07,-0.00585590063712159
2012-04-26,22.280001,0.0095152242863615
2012-04-27,22.1,-0.00807903913469291
2012-04-30,22.389999,0.0131221266968325
2012-05-02,23.059999,0.0299240745834782
2012-05-03,22.34,-0.031222854779829
2012-05-04,21.4,-0.0420769919427037
2012-05-07,21.5,0.00467289719626175
2012-05-08,21.1,-0.0186046511627906
2012-05-09,20.98,-0.00568720379146924
2012-05-10,20.780001,-0.00953284080076272
2012-05-11,20.389999,-0.0187681415414753
2012-05-14,19.809999,-0.0284453177265972
2012-05-15,19.280001,-0.0267540649547737
2012-05-16,19.98,0.0363070001915457
2012-05-17,19.200001,-0.039038988988989
2012-05-18,19.780001,0.0302083317599826
2012-05-21,19.780001,0
2012-05-22,20.530001,0.0379170860507034
2012-05-23,20.02,-0.0248417425795546
2012-05-24,19.49,-0.0264735264735265
2012-05-25,19.32,-0.00872242175474593
2012-05-28,19.5,0.00931677018633539
2012-05-29,19.66,0.00820512820512821
2012-05-30,19.209999,-0.0228891658189217
2012-05-31,19.799999,0.0307131718226534
2012-06-01,19.700001,-0.00505040429547493
2012-06-04,19.969999,0.0137054815377929
2012-06-05,19.6,-0.0185277425401974
2012-06-06,20,0.020408163265306
2012-06-08,19.74,-0.0130000000000001
2012-06-11,19.15,-0.0298885511651469
2012-06-12,19.25,0.00522193211488258
2012-06-13,19.629999,0.0197402077922079
2012-06-14,18.870001,-0.0387161507242055
2012-06-15,19.139999,0.0143083193265332
2012-06-18,19.139999,0
2012-06-19,20.440001,0.0679206932037979
2012-06-20,20.709999,0.0132092948527743
2012-06-21,19.969999,-0.0357315323868436
2012-06-22,20.16,0.00951432195865402
2012-06-25,18.48,-0.0833333333333333
2012-06-26,18.549999,0.00378782467532464
2012-06-27,18.24,-0.0167115372890317
2012-06-28,18.299999,0.00328941885964919
2012-06-29,18.9,0.0327869416823465
2012-07-02,18.950001,0.00264555555555565
2012-07-03,19.690001,0.0390501298654284
2012-07-04,19.6,-0.00457089870132548
2012-07-05,20.34,0.0377551020408162
2012-07-06,19.879999,-0.0226155850540805
2012-07-10,18.950001,-0.0467805858541543
2012-07-11,19.09,0.00738780963652717
2012-07-12,19.17,0.00419067574646421
2012-07-13,20.25,0.056338028169014
2012-07-16,19.950001,-0.0148147654320987
2012-07-17,19.889999,-0.00300761889686125
2012-07-18,19.9,0.000502815510448192
2012-07-19,20.27,0.0185929648241207
2012-07-20,19.75,-0.0256536753823384
2012-07-23,19.450001,-0.0151898227848101
2012-07-24,19.299999,-0.00771218469346097
2012-07-25,19.549999,0.0129533685468067
2012-07-26,19.75,0.0102302307023136
2012-07-27,20.799999,0.0531645063291139
2012-07-30,21,0.00961543315458815
2012-07-31,20.049999,-0.0452381428571429
2012-08-01,20.4,0.0174564098481999
2012-08-02,20.16,-0.0117647058823529
2012-08-03,20.67,0.0252976190476191
2012-08-06,20.700001,0.00145142718916297
2012-08-07,21,0.014492704613879
2012-08-08,22.139999,0.0542856666666666
2012-08-09,22.02,-0.00542000927822987
2012-08-10,22.01,-0.000454132606721072
2012-08-13,21.950001,-0.0027259881871877
2012-08-14,21.82,-0.00592259654111178
2012-08-15,22,0.00824931255728688
2012-08-16,22.459999,0.0209090454545454
2012-08-17,22.52,0.00267146049294124
2012-08-20,22.52,0
2012-08-21,22.129999,-0.0173179840142095
2012-08-22,22.370001,0.0108450976432487
2012-08-23,22.120001,-0.0111756812170013
2012-08-24,21.959999,-0.00723336314496544
2012-08-27,22.15,0.00865214064900453
2012-08-28,22.049999,-0.00451471783295706
2012-08-29,21.969999,-0.00362811807837262
2012-08-30,21.709999,-0.0118343200652855
2012-08-31,21.299999,-0.0188853071803458
2012-09-03,21.4,0.00469488284952496
2012-09-04,21.1,-0.0140186915887849
2012-09-05,21.299999,0.00947862559241698
2012-09-06,21.84,0.0253521608146554
2012-09-10,21.84,0
2012-09-11,22.48,0.0293040293040293
2012-09-12,22.879999,0.0177935498220641
2012-09-13,23.9,0.0445804652351601
2012-09-14,24.35,0.0188284518828453
2012-09-17,24.15,-0.00821355236139642
2012-09-18,24.059999,-0.00372674948240155
2012-09-19,23.4,-0.0274313810237483
2012-09-20,23.6,0.00854700854700867
2012-09-21,23.450001,-0.00635588983050852
2012-09-24,23.709999,0.01108733428199
2012-09-25,23.5,-0.00885698055069508
2012-09-26,23.6,0.00425531914893623
2012-09-27,23.58,-0.000847457627118777
2012-09-28,23.299999,-0.011874512298558
2012-10-01,23.35,0.00214596575733766
2012-10-02,23.530001,0.00770882226980716
2012-10-03,23.17,-0.0152996593582804
2012-10-04,23.25,0.00345274061286139
2012-10-05,23.1,-0.00645161290322575
2012-10-08,23.309999,0.00909086580086579
2012-10-09,23.1,-0.00900896649545115
2012-10-10,22.950001,-0.00649346320346325
2012-10-11,23.35,0.0174291495673574
2012-10-15,23.68,0.0141327623126338
2012-10-16,23.68,0
2012-10-17,23.450001,-0.00971279560810808
2012-10-18,23.5,0.00213215342720027
2012-10-19,23.030001,-0.0199999574468086
2012-10-22,22.950001,-0.00347372976666385
2012-10-23,22.5,-0.0196078858558656
2012-10-24,22.27,-0.0102222222222222
2012-10-25,22.52,0.0112258643915582
2012-10-26,22.889999,0.0164297957371226
2012-10-29,22.1,-0.0345128455444667
2012-10-30,22.299999,0.00904972850678725
2012-10-31,21.5,-0.0358743962275514
2012-11-01,21.65,0.00697674418604645
2012-11-05,22,0.0161662817551964
2012-11-06,22.440001,0.0200000454545454
2012-11-07,21.889999,-0.0245098919558871
2012-11-08,21.26,-0.0287802205929748
2012-11-09,21.440001,0.00846665098777033
2012-11-12,21.07,-0.017257508523437
2012-11-13,21.110001,0.00189848125296631
2012-11-14,20.4,-0.0336333949013078
2012-11-16,19.620001,-0.0382352450980392
2012-11-19,19.75,0.00662584064088486
2012-11-21,19.200001,-0.0278480506329114
2012-11-22,19.25,0.00260411444770236
2012-11-23,19.82,0.0296103896103896
2012-11-26,19.370001,-0.0227042885973765
2012-11-27,19.07,-0.0154879186635044
2012-11-28,19.200001,0.00681704247509177
2012-11-29,19.530001,0.0171874991048177
2012-11-30,19.1,-0.0220174591900941
2012-12-03,19.43,0.0172774869109947
2012-12-04,19.16,-0.0138960370560988
2012-12-05,19.290001,0.00678502087682672
2012-12-06,19.040001,-0.0129600822726759
2012-12-07,19.450001,0.0215336123144111
2012-12-10,19.93,0.0246786105563696
2012-12-11,20.24,0.0155544405418966
2012-12-12,20.059999,-0.00889333003952555
2012-12-13,19.77,-0.0144565809798895
2012-12-14,20.549999,0.0394536671724836
2012-12-17,20.219999,-0.0160583949420143
2012-12-18,20.4,0.0089021270475828
2012-12-19,21.129999,0.0357842647058825
2012-12-20,21.27,0.00662569837319907
2012-12-21,20.879999,-0.0183357310766337
2012-12-26,20.190001,-0.033045882808711
2012-12-27,19.5,-0.0341753821607041
2012-12-28,19.549999,0.00256405128205127
2013-01-02,19.84,0.0148338115004507
2013-01-03,20.58,0.0372983870967741
2013-01-04,20.65,0.0034013605442177
2013-01-07,20.379999,-0.0130751089588376
2013-01-08,19.799999,-0.0284592751942727
2013-01-09,20,0.0101010611162152
2013-01-10,20.129999,0.00649995000000008
2013-01-11,20.18,0.00248390474336328
2013-01-14,20.059999,-0.00594653121902867
2013-01-15,20.129999,0.00348953157973738
2013-01-16,20.200001,0.00347749644696946
2013-01-17,20.059999,-0.00693079173609937
2013-01-18,19.9,-0.00797602233180583
2013-01-21,19.709999,-0.00954778894472356
2013-01-22,19.969999,0.0131912741345142
2013-01-23,19.83,-0.00701046604959785
2013-01-24,19.92,0.00453857791225433
2013-01-28,19.6,-0.0160642570281125
2013-01-29,19.34,-0.0132653061224491
2013-01-30,18.35,-0.0511892450879006
2013-01-31,18.23,-0.0065395095367848
2013-02-01,18.620001,0.0213933625891387
2013-02-04,18.1,-0.0279270124636404
2013-02-05,16.6,-0.0828729281767956
2013-02-06,16.389999,-0.0126506626506025
2013-02-07,16.1,-0.0176936557470198
2013-02-08,16,-0.00621118012422369
2013-02-13,15.87,-0.00812500000000005
2013-02-14,15.79,-0.00504095778197858
2013-02-15,15.7,-0.00569981000633311
2013-02-18,15.97,0.0171974522292994
2013-02-19,15.95,-0.00125234815278656
2013-02-20,15.52,-0.0269592476489028
2013-02-21,15.17,-0.0225515463917526
2013-02-22,15.1,-0.00461437046802902
2013-02-25,14.9,-0.0132450331125827
2013-02-26,14.7,-0.0134228187919464
2013-02-27,14.73,0.00204081632653069
2013-02-28,14.49,-0.0162932790224033
2013-03-01,14.68,0.0131124913733609
2013-03-04,14.23,-0.0306539509536784
2013-03-05,14.25,0.00140548137737172
2013-03-06,16.41,0.151578947368421
2013-03-07,17.219999,0.0493600853138331
2013-03-08,16.700001,-0.0301973304411923
2013-03-11,17.190001,0.0293413156083044
2013-03-12,16.940001,-0.0145433383046342
2013-03-13,16.9,-0.00236133398103106
2013-03-14,17.43,0.0313609467455622
2013-03-15,17.799999,0.0212277108433735
2013-03-18,17.629999,-0.00955056233430115
2013-03-19,17.469999,-0.00907544010637778
2013-03-20,17.25,-0.0125929600797345
2013-03-21,16.950001,-0.0173912463768116
2013-03-22,17.01,0.00353976380296386
2013-03-25,16.889999,-0.00705473251028818
2013-03-26,16.9,0.000592125553115725
2013-03-27,16.9,0
2013-03-28,16.9,0
2013-04-01,16.549999,-0.0207101183431952
2013-04-02,16.16,-0.0235648956836795
2013-04-03,16.6,0.0272277227722773
2013-04-04,16.280001,-0.0192770481927713
2013-04-05,16.32,0.00245694088102339
2013-04-08,16,-0.0196078431372549
2013-04-09,16.85,0.0531250000000001
2013-04-10,17,0.00890207715133523
2013-04-11,16.610001,-0.0229411176470588
2013-04-12,16.41,-0.0120409986730284
2013-04-15,15.65,-0.0463132236441194
2013-04-16,15.95,0.0191693290734824
2013-04-17,15.45,-0.0313479623824451
2013-04-18,16.09,0.0414239482200648
2013-04-19,16.74,0.0403977625854567
2013-04-22,17.129999,0.0232974313022702
2013-04-23,17.6,0.0274373045789436
2013-04-24,18.059999,0.0261363068181818
2013-04-25,17.870001,-0.0105203771052259
2013-04-29,19.16,0.0721879646229456
2013-04-30,19.190001,0.0015658141962421
2013-05-02,19.25,0.00312657617891741
2013-05-03,19,-0.012987012987013
2013-05-06,19.43,0.0226315789473684
2013-05-07,19.59,0.00823468862583634
2013-05-08,19.25,-0.0173557937723328
2013-05-09,19.290001,0.00207797402597404
2013-05-10,19.200001,-0.00466562961816331
2013-05-13,18.75,-0.0234375508626276
2013-05-14,18.799999,0.00266661333333332
2013-05-15,18.91,0.00585111733250627
2013-05-16,18.809999,-0.00528826017979899
2013-05-17,19.09,0.0148857530508108
2013-05-20,19.33,0.0125720272393923
2013-05-21,19.379999,0.00258660113812743
2013-05-22,18.84,-0.027863726927953
2013-05-23,18.700001,-0.00743094479830146
2013-05-24,18.690001,-0.000534759329692098
2013-05-27,18.549999,-0.00749074331242674
2013-05-28,18.92,0.0199461466278247
2013-05-29,18.73,-0.0100422832980973
2013-05-31,18.969999,0.012813614522157
2013-06-03,19.02,0.00263579349687884
2013-06-04,18.93,-0.00473186119873816
2013-06-05,18.1,-0.0438457474907553
2013-06-06,18.120001,0.00110502762430923
2013-06-07,17.620001,-0.0275938174617099
2013-06-10,17.73,0.00624284868088271
2013-06-11,17.209999,-0.0293288776085731
2013-06-12,16.719999,-0.0284718203644287
2013-06-13,17.35,0.0376794878994909
2013-06-14,16.530001,-0.0472621902017293
2013-06-17,16.709999,0.0108891705451198
2013-06-18,16.459999,-0.0149611020323819
2013-06-19,16.049999,-0.0249088715011465
2013-06-20,16.049999,0
2013-06-21,15.29,-0.0473519655671007
2013-06-24,14.75,-0.0353172007848266
2013-06-25,14.7,-0.00338983050847462
2013-06-26,14.8,0.00680272108843547
2013-06-27,14.89,0.00608108108108107
2013-06-28,14.8,-0.00604432505036937
2013-07-01,14.72,-0.00540540540540541
2013-07-02,14.14,-0.0394021739130435
2013-07-03,14.43,0.0205091937765204
2013-07-04,14.57,0.00970200970200974
2013-07-05,13.68,-0.0610844200411805
2013-07-08,13.61,-0.00511695906432751
2013-07-10,13.8,0.0139603232916974
2013-07-11,14.83,0.0746376811594202
2013-07-12,14.55,-0.0188806473364801
2013-07-15,14.74,0.0130584192439862
2013-07-16,14.97,0.0156037991858888
2013-07-17,15.35,0.0253841015364061
2013-07-18,15.53,0.0117263843648208
2013-07-19,15.56,0.0019317450096588
2013-07-22,15.8,0.0154241645244216
2013-07-23,16.1,0.0189873417721519
2013-07-24,15.96,-0.00869565217391308
2013-07-25,16.23,0.0169172932330827
2013-07-29,15.88,-0.0215650030807147
2013-07-30,15.49,-0.02455919395466
2013-07-31,15.38,-0.00710135571336342
2013-08-01,16.1,0.046814044213264
2013-08-02,16,-0.00621118012422369
2013-08-05,15.78,-0.01375
2013-08-06,15.33,-0.0285171102661597
2013-08-07,15.32,-0.000652315720808858
2013-08-08,15.81,0.0319843342036554
2013-08-09,16.08,0.0170777988614799
2013-08-12,15.84,-0.0149253731343283
2013-08-13,15.84,0
2013-08-14,16.120001,0.0176768308080807
2013-08-15,17.07,0.0589329367907609
2013-08-16,17.190001,0.00702993555946095
2013-08-19,16.93,-0.0151251300101727
2013-08-20,16.32,-0.0360307147076196
2013-08-21,16.51,0.0116421568627452
2013-08-22,17.389999,0.0533009691096304
2013-08-23,17.5,0.00632553227863903
2013-08-26,17.139999,-0.0205714857142857
2013-08-27,16.57,-0.0332554861876013
2013-08-28,16.17,-0.0241400120700059
2013-08-29,15.97,-0.0123685837971553
2013-08-30,16.049999,0.0050093299937382
2013-09-02,16.15,0.00623059228851035
2013-09-03,15.9,-0.0154798761609906
2013-09-04,16.16,0.0163522012578616
2013-09-05,16.690001,0.0327970915841583
2013-09-06,16.85,0.0095865182991902
2013-09-09,17.299999,0.0267061721068248
2013-09-10,17.5,0.0115607521133383
2013-09-11,17.469999,-0.00171434285714278
2013-09-12,16.860001,-0.0349168880891179
2013-09-13,17.17,0.0183866537137217
2013-09-16,17.440001,0.015725160163075
2013-09-17,17.6,0.00917425406110944
2013-09-18,17.85,0.0142045454545455
2013-09-19,17.950001,0.00560229691876744
2013-09-20,17.719999,-0.0128134811803074
2013-09-23,17.620001,-0.00564322830943743
2013-09-24,17.4,-0.0124858676228225
2013-09-25,17.370001,-0.00172408045977012
2013-09-26,17.41,0.00230276325257561
2013-09-27,17.33,-0.00459506031016668
2013-09-30,16.959999,-0.0213503173687247
2013-10-01,17.34,0.0224057206607147
2013-10-02,17.280001,-0.00346014994232995
2013-10-03,17.17,-0.00636579824271983
2013-10-04,17.389999,0.012812987769365
2013-10-07,17.299999,-0.00517538845171871
2013-10-08,16.92,-0.0219652613852751
2013-10-09,16.83,-0.00531914893617041
2013-10-10,17.02,0.0112893642305408
2013-10-11,17,-0.00117508813160985
2013-10-14,17.07,0.00411764705882355
2013-10-15,17.15,0.00468658465143517
2013-10-16,16.98,-0.00991253644314858
2013-10-17,17.01,0.00176678445229689
2013-10-18,16.860001,-0.00881828336272787
2013-10-21,17.690001,0.0492289413268717
2013-10-22,17.4,-0.0163934982253534
2013-10-23,17.09,-0.0178160919540229
2013-10-24,17.059999,-0.00175547103569331
2013-10-25,17.299999,0.0140679961352869
2013-10-28,19,0.0982659594373387
2013-10-29,18.870001,-0.00684205263157903
2013-10-30,18.959999,0.00476936911662068
2013-10-31,19.540001,0.0305908243982503
2013-11-01,19.040001,-0.0255885350261753
2013-11-04,19.5,0.0241596100756507
2013-11-05,19.4,-0.0051282051282052
2013-11-06,19.6,0.0103092783505156
2013-11-07,19.15,-0.0229591836734695
2013-11-08,18.75,-0.02088772845953
2013-11-11,19.299999,0.02933328
2013-11-12,18.610001,-0.035751193562238
2013-11-13,19.09,0.025792529511417
2013-11-14,19.6,0.0267155578837088
2013-11-18,20.34,0.0377551020408162
2013-11-19,20.040001,-0.0147492133726647
2013-11-21,20.01,-0.0014970558135201
2013-11-22,19.82,-0.00949525237381316
2013-11-25,19.450001,-0.018667961654894
2013-11-26,18.200001,-0.0642673488808561
2013-11-27,18.23,0.00164829661273096
2013-11-28,17.73,-0.0274273176083379
2013-11-29,18.32,0.0332769317540891
2013-12-02,16.42,-0.103711790393013
2013-12-03,16.57,0.00913520097442135
2013-12-04,16.549999,-0.00120706095353051
2013-12-05,16.5,-0.0030210877958361
2013-12-06,16.15,-0.0212121212121213
2013-12-09,16.27,0.0074303405572756
2013-12-10,16.120001,-0.0092193607867241
2013-12-11,15.66,-0.0285360404133969
2013-12-12,15.7,0.00255427841634733
2013-12-13,15.96,0.0165605095541402
2013-12-16,16.1,0.00877192982456144
2013-12-17,15.57,-0.0329192546583852
2013-12-18,15.71,0.00899165061014776
2013-12-19,16.049999,0.0216422024188414
2013-12-20,15.8,-0.0155762626527266
2013-12-23,15.87,0.00443037974683535
2013-12-26,15.8,-0.00441083805923116
2013-12-27,15.91,0.00696202531645566
2013-12-30,15.99,0.00502828409805154
2014-01-02,15.82,-0.0106316447779862
2014-01-03,15.5,-0.0202275600505689
2014-01-06,15.69,0.012258064516129
2014-01-07,15.2,-0.0312300828553219
2014-01-08,15.21,0.000657894736842208
2014-01-09,14.8,-0.0269559500328731
2014-01-10,15.01,0.0141891891891891
2014-01-13,14.71,-0.0199866755496335
2014-01-14,14.65,-0.00407885791978249
2014-01-15,15.12,0.0320819112627986
2014-01-16,14.71,-0.027116402116402
2014-01-17,14.61,-0.00679809653297086
2014-01-20,14.3,-0.0212183436002737
2014-01-21,14.35,0.00349650349650342
2014-01-22,14.79,0.0306620209059233
2014-01-23,14.45,-0.0229885057471264
2014-01-24,14.08,-0.0256055363321799
2014-01-27,14.02,-0.00426136363636367
2014-01-28,14.02,0
2014-01-29,13.75,-0.0192582025677603
2014-01-30,13.64,-0.00799999999999996
2014-01-31,13.77,0.00953079178885623
2014-02-03,13.1,-0.0486564996368918
2014-02-04,13.27,0.0129770992366412
2014-02-05,12.96,-0.0233609645817633
2014-02-06,13.3,0.0262345679012346
2014-02-07,13.53,0.0172932330827067
2014-02-10,13.62,0.00665188470066518
2014-02-11,14.03,0.0301027900146843
2014-02-12,14,-0.00213827512473267
2014-02-13,13.72,-0.02
2014-02-14,13.73,0.000728862973760917
2014-02-17,13.47,-0.0189366351056081
2014-02-18,13.29,-0.0133630289532295
2014-02-19,13.4,0.00827689992475555
2014-02-20,13.36,-0.00298507462686574
2014-02-21,13.4,0.00299401197604797
2014-02-24,13.64,0.017910447761194
2014-02-25,13.28,-0.0263929618768329
2014-02-26,12.9,-0.0286144578313252
2014-02-27,13.33,0.0333333333333333
2014-02-28,12.99,-0.0255063765941485
2014-03-05,12.71,-0.0215550423402617
2014-03-06,12.93,0.0173092053501179
2014-03-07,12.7,-0.0177880897138438
2014-03-10,12.48,-0.0173228346456692
2014-03-11,12.48,0
2014-03-12,12.58,0.00801282051282048
2014-03-13,12.41,-0.0135135135135135
2014-03-14,12.1,-0.0249798549556809
2014-03-17,12.02,-0.00661157024793389
2014-03-18,12.37,0.0291181364392679
2014-03-19,12.8,0.0347615198059823
2014-03-20,13.43,0.0492187499999999
2014-03-21,13.5,0.00521221146686525
2014-03-24,13.94,0.0325925925925926
2014-03-25,14.05,0.00789096126255389
2014-03-26,13.78,-0.0192170818505339
2014-03-27,14.82,0.0754716981132076
2014-03-28,15.01,0.0128205128205128
2014-03-31,14.96,-0.00333111259160553
2014-04-01,15.05,0.00601604278074865
2014-04-02,15.12,0.00465116279069758
2014-04-03,15.05,-0.00462962962962953
2014-04-04,14.9,-0.0099667774086379
2014-04-07,15.85,0.0637583892617449
2014-04-08,15.4,-0.028391167192429
2014-04-09,15.23,-0.011038961038961
2014-04-10,15.17,-0.0039395929087328
2014-04-11,15.61,0.029004614370468
2014-04-14,15.36,-0.0160153747597694
2014-04-15,14.83,-0.0345052083333333
2014-04-16,15.08,0.016857720836143
2014-04-17,15.63,0.0364721485411141
2014-04-22,15.24,-0.0249520153550864
2014-04-23,15.22,-0.00131233595800522
2014-04-24,15.29,0.00459921156373183
2014-04-25,15.12,-0.0111183780248528
2014-04-28,15.65,0.0350529100529101
2014-04-29,15.75,0.00638977635782745
2014-04-30,15.68,-0.00444444444444446
2014-05-02,16.219999,0.034438711734694
2014-05-05,16.4,0.0110974729406578
2014-05-06,17.049999,0.0396340853658537
2014-05-07,17.4,0.0205279190925465
2014-05-08,16.82,-0.0333333333333332
2014-05-09,16.66,-0.00951248513674198
2014-05-12,17.08,0.0252100840336133
2014-05-13,17.040001,-0.00234186182669778
2014-05-14,17.33,0.0170187196585257
2014-05-15,17.030001,-0.0173109636468551
2014-05-16,16.9,-0.00763364605791861
2014-05-19,16.83,-0.00414201183431954
2014-05-20,16.24,-0.0350564468211527
2014-05-21,16.459999,0.0135467364532021
2014-05-22,16.559999,0.00607533451247484
2014-05-23,16.6,0.00241551946953621
2014-05-26,16.780001,0.0108434337349396
2014-05-27,16.41,-0.0220501178754398
2014-05-28,16.549999,0.00853132236441192
2014-05-29,16.23,-0.0193352881773588
2014-05-30,15.61,-0.0382008626001233
2014-06-02,15.66,0.00320307495195392
2014-06-03,15.96,0.0191570881226054
2014-06-04,15.75,-0.0131578947368422
2014-06-05,15.48,-0.0171428571428571
2014-06-06,16.67,0.07687338501292
2014-06-09,16.9,0.0137972405518894
2014-06-10,17.17,0.0159763313609469
2014-06-11,17.67,0.029120559114735
2014-06-13,17.85,0.0101867572156197
2014-06-16,17.629999,-0.0123249859943978
2014-06-17,17.290001,-0.0192851967830515
2014-06-18,17.92,0.036437187019249
2014-06-20,17.559999,-0.0200893415178572
2014-06-23,17.25,-0.0176537025998692
2014-06-24,16.790001,-0.0266666086956522
2014-06-25,16.23,-0.0333532439932553
2014-06-26,16.200001,-0.00184836722119532
2014-06-27,16.049999,-0.00925938214448262
2014-06-30,16.24,0.0118380692733999
2014-07-01,16.049999,-0.0116995689655172
2014-07-02,16.09,0.00249227429858408
2014-07-03,16.34,0.0155376009944065
2014-07-04,16.33,-0.000611995104039263
2014-07-07,16.129999,-0.0122474586650335
2014-07-08,16.139999,0.000619962840667133
2014-07-10,16.98,0.0520446748478733
2014-07-11,17.01,0.00176678445229689
2014-07-14,17.66,0.0382128159905937
2014-07-15,17.75,0.00509626274065684
2014-07-16,17.85,0.00563380281690149
2014-07-17,18.18,0.0184873949579831
2014-07-18,19.17,0.0544554455445546
2014-07-21,19.469999,0.0156494001043297
2014-07-22,19.48,0.000513662070552702
2014-07-23,19.01,-0.0241273100616016
2014-07-24,19.01,0
2014-07-25,19.24,0.0120988953182534
2014-07-28,18.959999,-0.0145530665280665
2014-07-29,18.43,-0.0279535352296168
2014-07-30,18.68,0.0135648399348888
2014-07-31,17.99,-0.0369379014989294
2014-08-01,17.860001,-0.00722618121178421
2014-08-04,18.27,0.022956269711295
2014-08-05,18.370001,0.00547350848385325
2014-08-06,19.040001,0.0364725075409632
2014-08-07,18.799999,-0.0126051463967886
2014-08-08,18.139999,-0.0351063848460843
2014-08-11,18.77,0.0347299357624
2014-08-12,18.459999,-0.0165157698454981
2014-08-13,17.51,-0.0514625705017643
2014-08-14,17.48,-0.00171330668189612
2014-08-15,18.84,0.0778032036613272
2014-08-18,19.08,0.0127388535031846
2014-08-19,19.690001,0.0319707023060797
2014-08-20,20.120001,0.0218384955897158
2014-08-21,20.1,-0.000994085437669563
2014-08-22,19.719999,-0.0189055223880597
2014-08-25,20.75,0.0522312906810999
2014-08-26,20.65,-0.0048192771084338
2014-08-27,21.620001,0.0469734140435835
2014-08-28,21.450001,-0.00786308936803463
2014-08-29,22.08,0.0293705813813248
2014-09-01,22.48,0.0181159420289856
2014-09-02,23.290001,0.0360320729537366
2014-09-03,22.780001,-0.0218978092787545
2014-09-04,21.700001,-0.0474100066984193
2014-09-05,21.73,0.00138244233260635
2014-09-08,20.690001,-0.0478600552231938
2014-09-09,20.389999,-0.014499854301602
2014-09-10,19.9,-0.0240313400701982
2014-09-11,20.129999,0.0115577386934675
2014-09-12,19.120001,-0.0501737729842909
2014-09-15,19.459999,0.0177823212456946
2014-09-16,20.309999,0.043679344485064
2014-09-17,20.860001,0.0270803558385207
2014-09-18,20.209999,-0.0311602094362316
2014-09-19,19.85,-0.0178129152802035
2014-09-22,19.4,-0.022670025188917
2014-09-23,19.059999,-0.0175258247422679
2014-09-24,19.09,0.00157402946348521
2014-09-25,18.82,-0.0141435306443164
2014-09-26,19.82,0.053134962805526
2014-09-29,17.75,-0.104439959636731
2014-09-30,17.25,-0.028169014084507
2014-10-01,16.4,-0.0492753623188407
2014-10-02,16.59,0.0115853658536586
2014-10-03,17.5,0.0548523206751055
2014-10-06,19.200001,0.0971429142857143
2014-10-07,19.950001,0.0390624979654949
2014-10-08,19.58,-0.0185464151104555
2014-10-09,19.959999,0.0194075076608785
2014-10-10,18.799999,-0.0581162353765649
2014-10-13,20.75,0.103723462964014
2014-10-14,20.42,-0.0159036144578312
2014-10-15,19.02,-0.0685602350636632
2014-10-16,17.639999,-0.0725552576235542
2014-10-17,18.18,0.0306123033226929
2014-10-20,17.219999,-0.0528053355335533
2014-10-21,16.360001,-0.0499418147469115
2014-10-22,16.049999,-0.0189487763478744
2014-10-23,15.05,-0.062305237526806
2014-10-24,15.7,0.043189368770764
2014-10-27,14.07,-0.103821656050955
2014-10-28,14.51,0.031272210376688
2014-10-29,13.53,-0.067539627842867
2014-10-30,13.78,0.0184774575018477
2014-10-31,14.65,0.0631349782293179
2014-11-03,14.25,-0.0273037542662116
2014-11-04,14.25,0
2014-11-05,13.86,-0.0273684210526316
2014-11-06,13.55,-0.0223665223665223
2014-11-07,13.77,0.0162361623616235
2014-11-10,13.41,-0.0261437908496732
2014-11-11,13.49,0.00596569724086503
2014-11-12,13.54,0.00370644922164558
2014-11-13,13.13,-0.0302806499261446
2014-11-14,12.78,-0.0266565118050268
2014-11-17,12.13,-0.0508607198748043
2014-11-18,11.94,-0.0156636438582029
2014-11-19,12.26,0.0268006700167504
2014-11-21,13.63,0.111745513866232
2014-11-24,13.43,-0.0146735143066765
2014-11-25,13.28,-0.0111690245718541
2014-11-26,13.27,-0.000753012048192755
2014-11-27,12.75,-0.0391861341371514
2014-11-28,12.18,-0.0447058823529412
2014-12-01,11.57,-0.0500821018062397
2014-12-02,11.46,-0.00950734658599822
2014-12-03,12,0.0471204188481675
2014-12-04,11.43,-0.0475
2014-12-05,11.45,0.0017497812773403
2014-12-08,10.72,-0.0637554585152837
2014-12-09,10.55,-0.0158582089552239
2014-12-10,10.11,-0.0417061611374409
2014-12-11,10.04,-0.00692383778437194
2014-12-12,9.46,-0.0577689243027887
2014-12-15,8.52,-0.0993657505285414
2014-12-16,8.7,0.0211267605633803
2014-12-17,9.04,0.0390804597701149
2014-12-18,9.02,-0.00221238938053093
2014-12-19,9.44,0.0465631929046563
2014-12-22,9.91,0.0497881355932204
2014-12-23,10.5,0.0595358224016145
2014-12-26,9.85,-0.0619047619047619
2014-12-29,9.87,0.00203045685279183
2014-12-30,9.59,-0.0283687943262411
2015-01-02,9,-0.0615224191866528
2015-01-05,8.27,-0.0811111111111112
2015-01-06,8.06,-0.0253929866989116
2015-01-07,8.45,0.0483870967741934
2015-01-08,9.02,0.0674556213017752
2015-01-09,9.29,0.0299334811529933
2015-01-12,8.77,-0.0559741657696447
2015-01-13,8.83,0.00684150513112891
2015-01-14,8.5,-0.0373725934314836
2015-01-15,9.25,0.0882352941176471
2015-01-16,9.23,-0.00216216216216212
2015-01-19,8.88,-0.037919826652221
2015-01-20,8.89,0.0011261261261261
2015-01-21,9.46,0.0641169853768279
2015-01-22,9.81,0.0369978858350951
2015-01-23,9.52,-0.0295616717635067
2015-01-26,9.54,0.00210084033613441
2015-01-27,9.64,0.0104821802935012
2015-01-28,8.63,-0.104771784232365
2015-01-29,8.47,-0.018539976825029
2015-01-30,8.04,-0.0507674144037782
2015-02-02,8.57,0.0659203980099504
2015-02-03,9.79,0.142357059509918
2015-02-04,9.9,0.0112359550561799
2015-02-05,9.66,-0.0242424242424243
2015-02-06,9.03,-0.0652173913043479
2015-02-09,9.2,0.0188261351052049
2015-02-10,8.83,-0.0402173913043477
2015-02-11,8.85,0.00226500566251411
2015-02-12,9.37,0.0587570621468926
2015-02-13,9.78,0.0437566702241195
2015-02-18,9.95,0.0173824130879346
2015-02-19,9.64,-0.0311557788944722
2015-02-20,9.54,-0.0103734439834026
2015-02-23,9.38,-0.0167714884696015
2015-02-24,9.74,0.0383795309168443
2015-02-25,9.3,-0.0451745379876796
2015-02-26,9.2,-0.0107526881720432
2015-02-27,9.48,0.0304347826086958
2015-03-02,9.28,-0.0210970464135022
2015-03-03,9.51,0.0247844827586207
2015-03-04,9.15,-0.0378548895899053
2015-03-05,9.21,0.00655737704918038
2015-03-06,9.09,-0.0130293159609122
2015-03-09,8.79,-0.0330033003300331
2015-03-10,8.32,-0.0534698521046643
2015-03-11,8.47,0.0180288461538462
2015-03-12,8.28,-0.0224321133412044
2015-03-13,8.15,-0.0157004830917873
2015-03-16,8.25,0.0122699386503067
2015-03-17,8.71,0.0557575757575759
2015-03-18,9.09,0.0436280137772674
2015-03-19,8.69,-0.044004400440044
2015-03-20,9.16,0.0540851553509782
2015-03-23,9.22,0.00655021834061141
2015-03-24,9.24,0.00216919739696308
2015-03-25,9.72,0.051948051948052
2015-03-26,9.23,-0.0504115226337449
2015-03-27,9.22,-0.00108342361863486
2015-03-30,9.59,0.0401301518438177
2015-03-31,9.58,-0.00104275286757036
2015-04-01,10.08,0.0521920668058455
2015-04-02,10.6,0.0515873015873015
2015-04-06,10.58,-0.00188679245283015
2015-04-07,10.83,0.0236294896030246
2015-04-08,10.56,-0.0249307479224376
2015-04-09,11.54,0.0928030303030302
2015-04-10,11.83,0.0251299826689776
2015-04-13,12.42,0.0498732037193576
2015-04-14,12.45,0.00241545893719802
2015-04-15,13.43,0.078714859437751
2015-04-16,13.07,-0.0268056589724497
2015-04-17,13.27,0.0153022188217291
2015-04-20,13.24,-0.00226073850791254
2015-04-22,13.31,0.00528700906344413
2015-04-23,14.06,0.0563486100676183
2015-04-24,14.7,0.0455192034139402
2015-04-27,13.63,-0.0727891156462584
2015-04-28,13.63,0
2015-04-29,13.73,0.0073367571533382
2015-04-30,14.25,0.0378732702112163
2015-05-04,15.04,0.055438596491228
2015-05-05,15.66,0.0412234042553192
2015-05-06,14.81,-0.0542784163473818
2015-05-07,14.65,-0.0108035111411209
2015-05-08,14.5,-0.0102389078498294
2015-05-11,14.67,0.0117241379310345
2015-05-12,14.7,0.00204498977505108
2015-05-13,14.92,0.0149659863945579
2015-05-14,14.81,-0.00737265415549594
2015-05-15,15.05,0.0162052667116813
2015-05-18,14.64,-0.0272425249169435
2015-05-19,13.75,-0.060792349726776
2015-05-20,13.7,-0.00363636363636369
2015-05-21,14.42,0.0525547445255475
2015-05-22,14.1,-0.0221914008321776
2015-05-25,13.83,-0.0191489361702127
2015-05-26,13.36,-0.0339840925524223
2015-05-27,13.52,0.0119760479041916
2015-05-28,13.61,0.0066568047337278
2015-05-29,13.25,-0.026451138868479
2015-06-01,13.25,0
2015-06-02,13.85,0.0452830188679245
2015-06-03,13.83,-0.00144404332129961
2015-06-05,13.52,-0.022415039768619
2015-06-08,13.55,0.00221893491124269
2015-06-09,14.05,0.03690036900369
2015-06-10,14.15,0.0071174377224199
2015-06-11,14.15,0
2015-06-12,14.18,0.00212014134275614
2015-06-15,14.2,0.00141043723554299
2015-06-16,14.68,0.0338028169014085
2015-06-17,14.49,-0.0129427792915531
2015-06-18,14.8,0.0213940648723258
2015-06-19,14.51,-0.0195945945945947
2015-06-22,14.55,0.00275671950379055
2015-06-23,14.35,-0.013745704467354
2015-06-24,14.62,0.0188153310104529
2015-06-25,13.98,-0.0437756497948016
2015-06-26,14.65,0.0479256080114449
2015-06-29,14.05,-0.0409556313993174
2015-06-30,14.03,-0.00142348754448408
2015-07-01,13.52,-0.0363506771204561
2015-07-02,13.64,0.00887573964497049
2015-07-03,12.95,-0.0505865102639297
2015-07-06,12.85,-0.0077220077220077
2015-07-07,13.16,0.0241245136186771
2015-07-08,12.98,-0.013677811550152
2015-07-10,13.27,0.022342064714946
2015-07-13,13.27,0
2015-07-14,13.51,0.0180859080633007
2015-07-15,13.18,-0.0244263508512213
2015-07-16,13.27,0.00682852807283762
2015-07-17,12.62,-0.0489826676714394
2015-07-20,11.86,-0.0602218700475436
2015-07-21,11.85,-0.000843170320404704
2015-07-22,11.38,-0.0396624472573839
2015-07-23,11.29,-0.00790861159929715
2015-07-24,11.09,-0.0177147918511957
2015-07-27,10.42,-0.060414788097385
2015-07-28,10.98,0.053742802303263
2015-07-29,11.8,0.0746812386156649
2015-07-30,11.52,-0.0237288135593221
2015-07-31,11.58,0.00520833333333338
2015-08-03,10.98,-0.0518134715025906
2015-08-04,11.11,0.0118397085610199
2015-08-05,10.99,-0.0108010801080107
2015-08-06,11.46,0.0427661510464059
2015-08-07,10.61,-0.074171029668412
2015-08-10,11.01,0.0377002827521207
2015-08-11,10.97,-0.00363306085376922
2015-08-12,11.03,0.00546946216955321
2015-08-13,10.58,-0.0407978241160471
2015-08-14,10.35,-0.0217391304347826
2015-08-17,10.2,-0.0144927536231884
2015-08-18,10.02,-0.0176470588235294
2015-08-19,9.77,-0.0249500998003992
2015-08-20,9.69,-0.00818833162743092
2015-08-21,9.2,-0.0505675954592364
2015-08-24,8.7,-0.0543478260869565
2015-08-25,8.88,0.020689655172414
2015-08-26,9.13,0.0281531531531532
2015-08-27,10.16,0.112814895947426
2015-08-28,10.28,0.0118110236220472
2015-08-31,10.62,0.0330739299610895
2015-09-01,9.95,-0.0630885122410546
2015-09-02,10.2,0.0251256281407035
2015-09-03,10.24,0.00392156862745107
2015-09-04,9.9,-0.033203125
2015-09-08,10.05,0.0151515151515152
2015-09-09,9.68,-0.03681592039801
2015-09-10,9.31,-0.0382231404958677
2015-09-11,8.81,-0.0537056928034372
2015-09-14,8.83,0.00227014755959132
2015-09-15,8.73,-0.0113250283125707
2015-09-16,9.48,0.0859106529209622
2015-09-17,9.28,-0.0210970464135022
2015-09-18,8.91,-0.0398706896551723
2015-09-21,8.62,-0.032547699214366
2015-09-22,8.35,-0.031322505800464
2015-09-23,8.26,-0.0107784431137724
2015-09-24,8.3,0.00484261501210665
2015-09-25,8.08,-0.0265060240963856
2015-09-28,7.67,-0.0507425742574258
2015-09-29,7.85,0.0234680573663624
2015-09-30,8.54,0.0878980891719745
2015-10-01,8.37,-0.0199063231850117
2015-10-02,9.15,0.0931899641577062
2015-10-05,9.4,0.0273224043715847
2015-10-06,9.89,0.0521276595744681
2015-10-07,10.4,0.0515672396359959
2015-10-08,10.75,0.0336538461538461
2015-10-09,10.71,-0.00372093023255806
2015-10-13,9.84,-0.081232492997199
2015-10-14,9.56,-0.0284552845528455
2015-10-15,9.66,0.0104602510460251
2015-10-16,9.7,0.00414078674948231
2015-10-19,9.67,-0.00309278350515457
2015-10-20,9.8,0.0134436401240952
2015-10-21,9.49,-0.0316326530612245
2015-10-22,9.78,0.030558482613277
2015-10-23,9.69,-0.00920245398773005
2015-10-26,9.61,-0.00825593395252839
2015-10-27,9.24,-0.0385015608740894
2015-10-28,9.4,0.0173160173160173
2015-10-29,9.3,-0.0106382978723404
2015-10-30,9.38,0.00860215053763442
2015-11-03,10.56,0.125799573560768
2015-11-04,9.89,-0.0634469696969697
2015-11-05,9.9,0.00101112234580382
2015-11-06,9.58,-0.0323232323232324
2015-11-09,9.27,-0.0323590814196243
2015-11-10,9.21,-0.00647249190938498
2015-11-11,9.26,0.00542888165037991
2015-11-12,9.02,-0.0259179265658748
2015-11-13,8.78,-0.0266075388026608
2015-11-16,9.38,0.0683371298405469
2015-11-17,9.42,0.00426439232409373
2015-11-18,9.52,0.0106157112526539
2015-11-19,9.51,-0.0010504201680672
2015-11-23,9.85,0.0357518401682439
2015-11-24,10.45,0.0609137055837563
2015-11-25,9.66,-0.0755980861244018
2015-11-26,9.7,0.00414078674948231
2015-11-27,9.33,-0.0381443298969071
2015-11-30,9.41,0.00857449088960344
2015-12-01,9.24,-0.0180658873538788
2015-12-02,9.47,0.0248917748917749
2015-12-03,9.8,0.0348468848996832
2015-12-04,9.13,-0.0683673469387755
2015-12-07,8.64,-0.0536692223439212
2015-12-08,8.54,-0.0115740740740742
2015-12-09,9.46,0.107728337236534
2015-12-10,9.2,-0.0274841437632137
2015-12-11,8.85,-0.0380434782608695
2015-12-14,8.77,-0.00903954802259888
2015-12-15,9.1,0.0376282782212087
2015-12-16,8.95,-0.0164835164835165
2015-12-17,8.82,-0.0145251396648044
2015-12-18,8.66,-0.018140589569161
2015-12-21,8.31,-0.0404157043879907
2015-12-22,8.54,0.0276774969915763
2015-12-23,8.88,0.0398126463700236
2015-12-28,8.61,-0.0304054054054056
2015-12-29,8.57,-0.00464576074332162
2015-12-30,8.57,0
2016-01-04,8.67,0.0116686114352392
2016-01-05,8.45,-0.0253748558246829
2016-01-06,8.06,-0.046153846153846
2016-01-07,7.83,-0.0285359801488834
2016-01-08,7.86,0.0038314176245211
2016-01-11,7.58,-0.0356234096692112
2016-01-12,7,-0.0765171503957784
2016-01-13,6.8,-0.0285714285714286
2016-01-14,7.23,0.0632352941176472
2016-01-15,6.71,-0.0719225449515907
2016-01-18,6.3,-0.0611028315946349
2016-01-19,6.15,-0.0238095238095237
2016-01-20,5.93,-0.0357723577235773
2016-01-21,6.29,0.06070826306914
2016-01-22,6.21,-0.0127186009538951
2016-01-26,5.96,-0.0402576489533011
2016-01-27,6.54,0.0973154362416108
2016-01-28,6.52,-0.00305810397553524
2016-01-29,6.93,0.0628834355828221
2016-02-01,6.58,-0.0505050505050505
2016-02-02,6.02,-0.0851063829787235
2016-02-03,6.18,0.026578073089701
2016-02-04,6.67,0.0792880258899677
2016-02-05,6.39,-0.0419790104947527
2016-02-10,6.12,-0.0422535211267605
2016-02-11,5.91,-0.0343137254901961
2016-02-12,6.31,0.0676818950930625
2016-02-15,6.43,0.0190174326465927
2016-02-16,6.29,-0.0217729393468118
2016-02-17,6.78,0.0779014308426074
2016-02-18,6.6,-0.0265486725663718
2016-02-19,6.38,-0.0333333333333333
2016-02-22,7.41,0.161442006269593
2016-02-23,7.08,-0.0445344129554656
2016-02-24,7.03,-0.00706214689265534
2016-02-25,6.98,-0.00711237553342814
2016-02-26,6.89,-0.012893982808023
2016-02-29,7.35,0.0667634252539913
2016-03-01,7.57,0.0299319727891157
2016-03-02,8.1,0.07001321003963
2016-03-03,9.11,0.124691358024691
2016-03-04,9.98,0.0954994511525797
2016-03-07,9.91,-0.00701402805611225
2016-03-08,9.65,-0.0262361251261352
2016-03-09,9.56,-0.00932642487046631
2016-03-10,9.81,0.0261506276150628
2016-03-11,10.09,0.0285423037716615
2016-03-14,9.54,-0.0545094152626363
2016-03-15,8.91,-0.0660377358490565
2016-03-16,9.6,0.0774410774410774
2016-03-17,10.44,0.0875
2016-03-18,10.3,-0.0134099616858236
2016-03-21,10.25,-0.0048543689320389
2016-03-22,10.48,0.0224390243902439
2016-03-23,9.92,-0.0534351145038168
2016-03-24,9.99,0.00705645161290325
2016-03-28,10.63,0.0640640640640641
2016-03-29,10.63,0
2016-03-30,10.7,0.00658513640639685
2016-03-31,10.63,-0.00654205607476622
2016-04-01,10.53,-0.0094073377234244
2016-04-04,9.6,-0.0883190883190883
2016-04-05,9.82,0.0229166666666667
2016-04-06,9.73,-0.00916496945010182
2016-04-07,9.94,0.0215827338129495
2016-04-08,10.49,0.0553319919517103
2016-04-11,10.42,-0.0066730219256435
2016-04-12,11.35,0.0892514395393474
2016-04-13,11.83,0.0422907488986785
2016-04-14,11.47,-0.0304311073541842
2016-04-15,11.95,0.0418482999128159
2016-04-18,11.77,-0.0150627615062761
2016-04-19,12.36,0.0501274426508071
2016-04-20,12.34,-0.00161812297734624
2016-04-22,12.9,0.0453808752025932
2016-04-25,12.36,-0.0418604651162791
2016-04-26,12.78,0.0339805825242718
2016-04-27,13.4,0.0485133020344289
2016-04-28,13.57,0.0126865671641791
2016-04-29,13.27,-0.0221075902726603
2016-05-02,13.27,0
2016-05-03,12.82,-0.0339110776186887
2016-05-04,12.96,0.0109204368174727
2016-05-05,12.64,-0.0246913580246914
2016-05-06,12.93,0.0229430379746835
2016-05-09,12.07,-0.0665119876256767
2016-05-10,12.85,0.0646230323115161
2016-05-11,12.91,0.00466926070038914
2016-05-12,12.71,-0.0154918667699457
2016-05-13,12.12,-0.0464201416207712
2016-05-16,12.54,0.0346534653465346
2016-05-17,12.4,-0.011164274322169
2016-05-18,12.01,-0.0314516129032259
2016-05-19,11.51,-0.0416319733555371
2016-05-20,11.33,-0.0156385751520417
2016-05-23,11.04,-0.0255957634598412
2016-05-24,11.09,0.00452898550724644
2016-05-25,11.1,0.000901713255184832
2016-05-27,10.49,-0.0549549549549549
2016-05-30,10.58,0.00857959961868445
2016-05-31,10.18,-0.0378071833648394
2016-06-01,10.41,0.0225933202357564
2016-06-02,10.7,0.0278578290105667
2016-06-03,10.81,0.0102803738317758
2016-06-06,10.8,-0.000925069380203495
2016-06-07,11.13,0.0305555555555556
2016-06-08,12.05,0.082659478885894
2016-06-09,11.75,-0.024896265560166
2016-06-10,11.03,-0.0612765957446809
2016-06-13,10.82,-0.0190389845874886
2016-06-14,10.48,-0.0314232902033272
2016-06-15,10.64,0.0152671755725191
2016-06-16,10.77,0.0122180451127819
2016-06-17,11.39,0.0575673166202415
2016-06-20,11.73,0.0298507462686567
2016-06-21,11.94,0.0179028132992327
2016-06-22,11.65,-0.02428810720268
2016-06-23,12.05,0.0343347639484979
2016-06-24,11.43,-0.0514522821576764
2016-06-27,10.8,-0.0551181102362204
2016-06-28,11.25,0.0416666666666666
2016-06-29,11.57,0.0284444444444445
2016-06-30,11.51,-0.00518582541054455
2016-07-01,12.06,0.0477845351867942
2016-07-04,12.02,-0.00331674958540638
2016-07-05,11.34,-0.0565723793677204
2016-07-06,11.69,0.0308641975308642
2016-07-07,11.97,0.0239520958083833
2016-07-08,12.3,0.0275689223057644
2016-07-11,12.89,0.0479674796747967
2016-07-12,13.29,0.0310318076027928
2016-07-13,12.99,-0.0225733634311512
2016-07-14,13.32,0.0254041570438799
2016-07-15,13.22,-0.00750750750750748
2016-07-18,13.66,0.0332829046898638
2016-07-19,13.83,0.0124450951683748
2016-07-20,13.65,-0.0130151843817787
2016-07-21,13.8,0.010989010989011
2016-07-22,13.75,-0.00362318840579715
2016-07-25,13.76,0.000727272727272712
2016-07-26,13.74,-0.00145348837209299
2016-07-27,13.6,-0.0101892285298399
2016-07-28,13.34,-0.0191176470588235
2016-07-29,14.01,0.0502248875562219
2016-08-01,13.19,-0.0585296216987866
2016-08-02,12.97,-0.0166793025018953
2016-08-03,13.55,0.0447185813415574
2016-08-04,13.57,0.00147601476014757
2016-08-05,13.26,-0.0228445099484157
2016-08-08,13.75,0.0369532428355958
2016-08-09,13.68,-0.00509090909090911
2016-08-10,13.16,-0.0380116959064327
2016-08-11,13.68,0.0395136778115501
2016-08-12,13.91,0.0168128654970761
2016-08-15,14.52,0.0438533429187634
2016-08-16,14.66,0.00964187327823695
2016-08-17,14.91,0.0170532060027285
2016-08-18,15.18,0.0181086519114688
2016-08-19,15.06,-0.0079051383399209
2016-08-22,14.47,-0.0391766268260292
2016-08-23,14.93,0.0317899101589495
2016-08-24,14.64,-0.0194239785666443
2016-08-25,14.85,0.0143442622950819
2016-08-26,14.96,0.00740740740740749
2016-08-29,15.19,0.015374331550802
2016-08-30,15.18,-0.000658327847267925
2016-08-31,14.74,-0.0289855072463768
2016-09-01,14.87,0.00881953867028487
2016-09-02,15.63,0.051109616677875
2016-09-05,16.08,0.0287907869481764
2016-09-06,16,-0.00497512437810935
2016-09-08,16.389999,0.0243749375
2016-09-09,15.5,-0.054301345594957
2016-09-12,16.030001,0.0341936129032257
2016-09-13,14.81,-0.0761073564499465
2016-09-14,14.94,0.00877785280216063
2016-09-15,15.29,0.0234270414993306
2016-09-16,14.9,-0.0255068672334859
2016-09-19,14.89,-0.000671140939597301
2016-09-20,15.05,0.0107454667562122
2016-09-21,15.34,0.0192691029900332
2016-09-22,15.54,0.0130378096479791
2016-09-23,14.97,-0.0366795366795366
2016-09-26,14.7,-0.0180360721442887
2016-09-27,14.65,-0.00340136054421761
2016-09-28,15.33,0.0464163822525597
2016-09-29,15.07,-0.0169602087410306
2016-09-30,15.14,0.00464499004644992
2016-10-03,15.59,0.0297225891677675
2016-10-04,15.61,0.00128287363694673
2016-10-05,16.1,0.0313901345291481
2016-10-06,16.799999,0.0434781987577639
2016-10-07,16.950001,0.00892869100766022
2016-10-10,17.49,0.0318583462030473
2016-10-11,17.08,-0.0234419668381933
2016-10-13,17.5,0.0245901639344263
2016-10-14,17.9,0.0228571428571428
2016-10-17,18.41,0.0284916201117319
2016-10-18,18.790001,0.020641010320478
2016-10-19,18.99,0.0106439057666893
2016-10-20,18.959999,-0.00157983149025796
2016-10-21,19.32,0.0189873955162129
2016-10-24,19.379999,0.0031055383022775
2016-10-25,18.969999,-0.0211558318449862
2016-10-26,19.209999,0.0126515557539038
2016-10-27,19.25,0.00208230099335248
2016-10-28,19.129999,-0.0062338181818181
2016-10-31,18.639999,-0.0256142198439217
2016-11-01,17.93,-0.0380900771507552
2016-11-03,17.17,-0.0423870607919687
2016-11-04,17.15,-0.00116482236458958
2016-11-07,18.32,0.0682215743440234
2016-11-08,18.08,-0.0131004366812228
2016-11-09,18.25,0.00940265486725673
2016-11-10,17.34,-0.0498630136986301
2016-11-11,16.33,-0.058246828143022
2016-11-14,16.27,-0.00367421922841388
2016-11-16,16.950001,0.0417947756607253
2016-11-17,16.459999,-0.0289086708608454
2016-11-18,16.42,-0.00243007305164466
2016-11-21,17.26,0.05115712545676
2016-11-22,17.690001,0.0249131517960601
2016-11-23,17.799999,0.00621808896449474
2016-11-24,17.559999,-0.0134831468248958
2016-11-25,17.58,0.00113900917648099
2016-11-28,17.629999,0.00284408418657584
2016-11-29,16.700001,-0.0527508821753195
2016-11-30,18.469999,0.105987897845036
2016-12-01,18.209999,-0.0140768821914934
2016-12-02,18.65,0.0241626042922901
2016-12-05,18.02,-0.0337801608579088
2016-12-06,18.610001,0.0327414539400666
2016-12-07,18.32,-0.0155830727789859
2016-12-08,18.360001,0.00218346069868997
2016-12-09,18.190001,-0.00925925875494243
2016-12-12,18.35,0.00879598632237583
2016-12-13,18.23,-0.0065395095367848
2016-12-14,17.59,-0.0351069665386725
2016-12-15,17.43,-0.0090960773166572
2016-12-16,17.219999,-0.0120482501434308
2016-12-19,16.67,-0.0319395488931213
2016-12-20,16.639999,-0.00179970005998813
2016-12-21,16.549999,-0.00540865417119315
2016-12-22,16.35,-0.0120845324522375
2016-12-23,16.57,0.0134556574923547
2016-12-26,16.73,0.00965600482800242
2016-12-27,16.690001,-0.00239085475194272
2016-12-28,16.98,0.0173756130991245
2016-12-29,16.940001,-0.00235565371024745
2017-01-02,16.530001,-0.0242030682288626
2017-01-03,17.58,0.0635208068045489
2017-01-04,17.370001,-0.0119453356086462
2017-01-05,17.76,0.0224524454546665
2017-01-06,17.49,-0.0152027027027029
2017-01-09,17.32,-0.00971983990851905
2017-01-10,17.610001,0.0167437066974596
2017-01-11,18.049999,0.0249856885300574
2017-01-12,18.35,0.016620554937427
2017-01-13,18.219999,-0.00708452316076294
2017-01-16,18.25,0.0016465972363664
2017-01-17,18.17,-0.00438356164383552
2017-01-18,18.030001,-0.00770495321959291
2017-01-19,17.93,-0.00554636685821587
2017-01-20,17.83,-0.0055772448410486
2017-01-23,17.98,0.00841278743690421
2017-01-24,17.73,-0.0139043381535039
2017-01-26,17.389999,-0.0191765933446137
2017-01-27,17.08,-0.0178262804960484
2017-01-30,16.139999,-0.0550351873536299
2017-01-31,16.190001,0.00309801754014974
2017-02-01,16.120001,-0.00432365631107745
2017-02-02,15.9,-0.0136477038680083
2017-02-03,16.34,0.0276729559748427
2017-02-06,15.97,-0.0226438188494492
2017-02-07,15.77,-0.0125234815278648
2017-02-08,16.1,0.0209258084971466
2017-02-09,15.96,-0.00869565217391308
2017-02-10,16.35,0.0244360902255639
2017-02-13,16.559999,0.0128439755351682
2017-02-14,16.809999,0.0150966192691195
2017-02-15,16.860001,0.00297453914185237
2017-02-16,16.969999,0.00652419890129312
2017-02-17,16.719999,-0.0147318806559741
2017-02-20,17.08,0.0215311615748301
2017-02-21,17.16,0.00468384074941463
2017-02-22,16.6,-0.0326340326340326
2017-02-23,16.48,-0.00722891566265066
2017-02-24,15.96,-0.0315533980582524
2017-03-01,16.43,0.0294486215538846
2017-03-02,15.85,-0.0353012781497261
2017-03-03,15.95,0.00630914826498421
2017-03-06,15.88,-0.00438871473354223
2017-03-07,15.88,0
2017-03-08,14.9,-0.0617128463476071
2017-03-09,14.81,-0.00604026845637583
2017-03-10,14.79,-0.0013504388926402
2017-03-13,14.93,0.00946585530764034
2017-03-14,14.37,-0.0375083724045546
2017-03-15,14.75,0.0264439805149618
2017-03-16,14.38,-0.0250847457627118
2017-03-17,13.85,-0.0368567454798332
2017-03-20,14.18,0.023826714801444
2017-03-21,13.7,-0.0338504936530325
2017-03-22,14.15,0.0328467153284672
2017-03-23,14.14,-0.000706713780918713
2017-03-24,14.17,0.00212164073550208
2017-03-27,14.43,0.018348623853211
2017-03-28,14.68,0.0173250173250173
2017-03-29,15.16,0.0326975476839237
2017-03-30,15.1,-0.00395778364116098
2017-03-31,15.15,0.00331125827814574
2017-04-03,15.32,0.0112211221122112
2017-04-04,15.43,0.00718015665796341
2017-04-05,15.33,-0.00648088139987036
2017-04-06,15.28,-0.0032615786040444
2017-04-07,15.37,0.00589005235602093
2017-04-10,15.63,0.0169160702667535
2017-04-11,15.25,-0.0243122200895714
2017-04-12,15.19,-0.00393442622950823
2017-04-13,14.51,-0.0447662936142199
2017-04-17,14.65,0.00964851826326675
2017-04-18,14.46,-0.0129692832764505
2017-04-19,14.05,-0.0283540802213001
2017-04-20,14.27,0.0156583629893238
2017-04-24,14.39,0.00840925017519278
2017-04-25,14.68,0.0201528839471855
2017-04-26,14.42,-0.0177111716621253
2017-04-27,14.2,-0.0152565880721221
2017-04-28,14.36,0.0112676056338028
2017-05-02,14.36,0
2017-05-03,14.45,0.00626740947075208
2017-05-04,14.06,-0.0269896193771625
2017-05-05,14.81,0.0533428165007112
2017-05-08,14.72,-0.00607697501688048
2017-05-09,14.88,0.0108695652173913
2017-05-10,15.35,0.0315860215053763
2017-05-11,15.32,-0.00195439739413677
2017-05-12,15.93,0.0398172323759791
2017-05-15,16.190001,0.0163214689265536
2017-05-16,16.190001,0
2017-05-17,16.1,-0.00555904845218955
2017-05-18,14.27,-0.113664596273292
2017-05-19,14.41,0.0098107918710582
2017-05-22,14.31,-0.00693962526023592
2017-05-23,14.42,0.00768693221523406
2017-05-24,14.81,0.0270457697642164
2017-05-25,14.46,-0.0236326806212019
2017-05-26,14.55,0.00622406639004148
2017-05-29,14.55,0
2017-05-30,14.17,-0.0261168384879726
2017-05-31,13.62,-0.0388143966125618
2017-06-01,13.54,-0.00587371512481645
2017-06-02,13.74,0.0147710487444609
2017-06-05,13.98,0.017467248908297
2017-06-06,13.99,0.000715307582260357
2017-06-07,13.68,-0.0221586847748392
2017-06-08,13.7,0.00146198830409354
2017-06-09,13.78,0.00583941605839417
2017-06-12,13.78,0
2017-06-13,13.87,0.00653120464441218
2017-06-14,13.54,-0.0237923576063446
2017-06-15,13.54,0
2017-06-16,13.49,-0.00369276218611514
2017-06-19,13.33,-0.0118606375092661
2017-06-20,13.01,-0.0240060015003751
2017-06-21,12.78,-0.0176787086856265
2017-06-22,13.05,0.0211267605633804
2017-06-23,12.89,-0.0122605363984674
2017-06-26,13.09,0.0155159038013964
2017-06-27,12.99,-0.00763941940412526
2017-06-28,12.88,-0.00846805234795992
2017-06-29,13.01,0.0100931677018633
2017-06-30,13.2,0.0146041506533435
2017-07-03,13.28,0.00606060606060607
2017-07-04,13.32,0.00301204819277115
2017-07-05,13.06,-0.0195195195195195
2017-07-06,12.93,-0.00995405819295565
2017-07-07,12.68,-0.0193348801237432
2017-07-10,12.7,0.00157728706624602
2017-07-11,13.07,0.0291338582677166
2017-07-12,13.58,0.0390206579954093
2017-07-13,13.55,-0.00220913107511041
2017-07-14,13.62,0.00516605166051649
2017-07-17,13.45,-0.0124816446402349
2017-07-18,13.6,0.0111524163568774
2017-07-19,13.84,0.0176470588235294
2017-07-20,13.63,-0.0151734104046242
2017-07-21,13.29,-0.0249449743213501
2017-07-24,13.43,0.0105342362678706
2017-07-25,13.77,0.0253164556962025
2017-07-26,13.54,-0.0167029774872912
2017-07-27,13.61,0.00516986706056132
2017-07-28,13.64,0.00220426157237334
2017-07-31,13.8,0.0117302052785924
2017-08-01,13.68,-0.00869565217391311
2017-08-02,14.03,0.0255847953216374
2017-08-03,13.82,-0.0149679258731289
2017-08-04,13.9,0.00578871201157743
2017-08-07,14.02,0.0086330935251798
2017-08-08,13.9,-0.00855920114122676
2017-08-09,13.97,0.0050359712230216
2017-08-10,13.62,-0.0250536864710094
2017-08-11,13.51,-0.00807635829662257
2017-08-14,13.6,0.00666173205033308
2017-08-15,13.62,0.00147058823529409
2017-08-16,13.58,-0.00293685756240816
2017-08-17,13.6,0.00147275405007361
2017-08-18,14.04,0.0323529411764705
2017-08-21,13.8,-0.017094017094017
2017-08-22,14.31,0.0369565217391304
2017-08-23,14.32,0.000698812019566722
2017-08-24,14.4,0.00558659217877095
2017-08-25,14.48,0.00555555555555556
2017-08-28,14.4,-0.00552486187845304
2017-08-29,14.3,-0.00694444444444442
2017-08-30,13.88,-0.0293706293706294
2017-08-31,13.97,0.00648414985590777
2017-09-01,14.6,0.0450966356478167
2017-09-04,14.72,0.00821917808219185
2017-09-05,14.85,0.00883152173913037
2017-09-06,15.5,0.0437710437710438
2017-09-07,15.5,0
2017-09-08,15.19,-0.02
2017-09-11,15.52,0.021724818959842
2017-09-12,15.4,-0.00773195876288655
2017-09-13,15.68,0.0181818181818181
2017-09-14,15.65,-0.00191326530612241
2017-09-15,15.58,-0.00447284345047925
2017-09-18,15.73,0.00962772785622595
2017-09-19,15.78,0.00317863954227584
2017-09-20,16.379999,0.0380227503168569
2017-09-21,16.18,-0.0122099519053696
2017-09-22,16.200001,0.00123615574783687
2017-09-25,16.32,0.00740734522176881
2017-09-26,16.139999,-0.0110294730392157
2017-09-27,15.88,-0.0161089848890324
2017-09-28,15.91,0.00188916876574303
2017-09-29,15.81,-0.0062853551225644
2017-10-02,15.9,0.00569259962049335
2017-10-03,16.639999,0.0465408176100628
2017-10-04,16.309999,-0.0198317319610415
2017-10-05,16.57,0.0159412026941264
2017-10-06,16.370001,-0.012069945684973
2017-10-09,16.48,0.00671954754309434
2017-10-10,16.719999,0.0145630461165049
2017-10-11,16.639999,-0.00478468928138105
2017-10-12,16.639999,0
2017-10-13,16.58,-0.00360570935130472
2017-10-16,16.639999,0.00361875753920394
2017-10-17,16.610001,-0.00180276453141608
2017-10-18,16.610001,0
2017-10-19,16.5,-0.00662257636227719
2017-10-20,16.549999,0.0030302424242424
2017-10-23,16.5,-0.0030210877958361
2017-10-24,16.85,0.0212121212121213
2017-10-25,17.02,0.0100890207715132
2017-10-26,17.1,0.00470035252643959
2017-10-27,17.4,0.0175438596491226
2017-10-30,17.35,-0.00287356321839064
2017-10-31,17.42,0.00403458213256486
2017-11-01,17.540001,0.00688869115958659
2017-11-02,17.540001,0
2017-11-03,17.709999,0.00969201769144709
2017-11-06,18.1,0.0220215145127903
2017-11-07,17.27,-0.0458563535911603
2017-11-08,17.74,0.0272148233931673
2017-11-09,17.5,-0.0135287485907553
2017-11-10,17.530001,0.00171434285714278
2017-11-13,17.48,-0.00285231016244655
2017-11-14,16.049999,-0.0818078375286042
2017-11-15,16.049999,0
2017-11-16,16.35,0.0186916522549317
2017-11-17,16.52,0.0103975535168195
2017-11-20,16.52,0
2017-11-21,16.360001,-0.00968516949152537
2017-11-22,16.5,0.00855739556495134
2017-11-23,16.639999,0.00848478787878785
2017-11-24,16.549999,-0.00540865417119315
2017-11-27,16.32,-0.0138972213835179
2017-11-28,16.280001,-0.00245091911764716
2017-11-29,15.91,-0.0227273327563062
2017-11-30,15.95,0.00251414204902572
2017-12-01,16.110001,0.0100314106583073
2017-12-04,16.09,-0.00124152692479663
2017-12-05,15.92,-0.0105655686761964
2017-12-06,16,0.00502512562814071
2017-12-07,15.86,-0.00875000000000004
2017-12-08,15.89,0.00189155107187901
2017-12-11,15.97,0.00503461296412839
2017-12-12,16.190001,0.0137758922980587
2017-12-13,15.94,-0.0154416914489381
2017-12-14,15.81,-0.00815558343789203
2017-12-15,15.56,-0.0158127767235927
2017-12-18,15.84,0.0179948586118252
2017-12-19,15.76,-0.00505050505050506
2017-12-20,15.96,0.0126903553299493
2017-12-21,16.65,0.0432330827067668
2017-12-22,16.59,-0.00360360360360353
2017-12-25,16.59,0
2017-12-26,16.700001,0.00663056057866187
2017-12-27,16.76,0.00359275427588305
2017-12-28,16.91,0.00894988066825767
2017-12-29,16.91,0
2018-01-01,16.91,0
2018-01-02,17.33,0.0248373743347131
2018-01-03,17.549999,0.012694691286786
2018-01-04,17.700001,0.0085471229941381
2018-01-05,17.84,0.00790954757573175
2018-01-08,18.120001,0.0156951233183856
2018-01-09,18.120001,0
2018-01-10,17.780001,-0.0187637958739627
2018-01-11,18.219999,0.0247467927588982
2018-01-12,18.360001,0.0076839740770567
2018-01-15,18.459999,0.00544651386456893
2018-01-16,18.790001,0.017876599018234
2018-01-17,19.469999,0.036189354114457
2018-01-18,19.440001,-0.00154072940630365
2018-01-19,19.309999,-0.00668734533501297
2018-01-22,19.51,0.0103573801324381
2018-01-23,19.34,-0.00871348026653007
2018-01-24,20.629999,0.0667010858324717
2018-01-25,20.629999,0
2018-01-26,21.709999,0.0523509477630124
2018-01-29,21.709999,0
2018-01-30,21.18,-0.0244126680982344
2018-01-31,21.299999,0.00566567516525023
2018-02-01,22.129999,0.0389671379796779
2018-02-02,21.540001,-0.0266605524925691
2018-02-05,20.57,-0.0450325420133453
2018-02-06,21.6,0.0500729217306758
2018-02-07,20.98,-0.0287037037037037
2018-02-08,20.35,-0.0300285986653956
2018-02-09,20.09,-0.0127764127764129
2018-02-12,20.09,0
2018-02-13,20.09,0
2018-02-14,20.379999,0.0144349925335989
2018-02-15,20.73,0.0171737496159837
2018-02-16,20.719999,-0.000482440906898169
2018-02-19,21.299999,0.0279922793432566
